timestamp,open,high,low,close,volume
2025-07-29 12:10:00-04:00,176.39999389648438,176.5500030517578,176.33099365234375,176.51499938964844,802265
2025-07-29 12:15:00-04:00,176.50999450683594,176.69769287109375,176.3614044189453,176.50990295410156,2641034
2025-07-29 12:20:00-04:00,176.5050048828125,176.57989501953125,176.32000732421875,176.35499572753906,826657
2025-07-29 12:25:00-04:00,176.35499572753906,176.44000244140625,176.25,176.33999633789062,857062
2025-07-29 12:30:00-04:00,176.34500122070312,176.53500366210938,176.2700958251953,176.341796875,1429466
2025-07-29 12:35:00-04:00,176.35499572753906,176.4199981689453,175.8699951171875,175.88499450683594,1172605
2025-07-29 12:40:00-04:00,175.8800048828125,176.33990478515625,175.83169555664062,176.22500610351562,1092142
2025-07-29 12:45:00-04:00,176.22000122070312,176.30819702148438,176.03439331054688,176.26499938964844,601090
2025-07-29 12:50:00-04:00,176.27000427246094,176.3800048828125,176.14500427246094,176.2451934814453,1191381
2025-07-29 12:55:00-04:00,176.24000549316406,176.50599670410156,176.23460388183594,176.48500061035156,803286
2025-07-29 13:00:00-04:00,176.47999572753906,176.63999938964844,176.39999389648438,176.5050048828125,1196549
2025-07-29 13:05:00-04:00,176.5050048828125,176.6199951171875,176.37010192871094,176.4250030517578,818417
2025-07-29 13:10:00-04:00,176.4250030517578,176.66000366210938,176.4199981689453,176.52479553222656,799460
2025-07-29 13:15:00-04:00,176.52999877929688,176.58999633789062,176.41000366210938,176.4801025390625,710215
2025-07-29 13:20:00-04:00,176.47019958496094,176.47019958496094,176.26010131835938,176.34500122070312,685175
2025-07-29 13:25:00-04:00,176.34500122070312,176.4398956298828,176.17999267578125,176.19529724121094,732042
2025-07-29 13:30:00-04:00,176.1999969482422,176.2949981689453,176.0399932861328,176.06719970703125,629072
2025-07-29 13:35:00-04:00,176.07000732421875,176.2100067138672,175.88999938964844,176.05499267578125,1072283
2025-07-29 13:40:00-04:00,176.05999755859375,176.2082977294922,176.00999450683594,176.1750030517578,777986
2025-07-29 13:45:00-04:00,176.17990112304688,176.3000030517578,175.8300018310547,175.83009338378906,922553
2025-07-29 13:50:00-04:00,175.8300018310547,176.1999969482422,175.8000030517578,176.15499877929688,968304
2025-07-29 13:55:00-04:00,176.14999389648438,176.4149932861328,176.1300048828125,176.34010314941406,891397
2025-07-29 14:00:00-04:00,176.34500122070312,176.61500549316406,176.30099487304688,176.5850067138672,966539
2025-07-29 14:05:00-04:00,176.5850067138672,176.6300048828125,176.3300018310547,176.35499572753906,799408
2025-07-29 14:10:00-04:00,176.3699951171875,176.4700927734375,176.2747039794922,176.4250030517578,612430
2025-07-29 14:15:00-04:00,176.4232940673828,176.47000122070312,176.27999877929688,176.28199768066406,507482
2025-07-29 14:20:00-04:00,176.28529357910156,176.2899932861328,176.02999877929688,176.0800018310547,824453
2025-07-29 14:25:00-04:00,176.0850067138672,176.25,175.97999572753906,176.2050018310547,873663
2025-07-29 14:30:00-04:00,176.2050018310547,176.49000549316406,176.19500732421875,176.47000122070312,856653
2025-07-29 14:35:00-04:00,176.47500610351562,176.57510375976562,176.41000366210938,176.49009704589844,712216
2025-07-29 14:40:00-04:00,176.49200439453125,176.57000732421875,176.3699951171875,176.375,771342
2025-07-29 14:45:00-04:00,176.3699951171875,176.48989868164062,176.16000366210938,176.20010375976562,643606
2025-07-29 14:50:00-04:00,176.20989990234375,176.32000732421875,176.1501007080078,176.2949981689453,705395
2025-07-29 14:55:00-04:00,176.29989624023438,176.3800048828125,176.0500030517578,176.110107421875,857516
2025-07-29 15:00:00-04:00,176.10000610351562,176.32000732421875,176.0,176.24989318847656,1044380
2025-07-29 15:05:00-04:00,176.2449951171875,176.5,176.2449951171875,176.38499450683594,980559
2025-07-29 15:10:00-04:00,176.39500427246094,176.4199981689453,176.13999938964844,176.33999633789062,816452
2025-07-29 15:15:00-04:00,176.34820556640625,176.34820556640625,176.1699981689453,176.24020385742188,897165
2025-07-29 15:20:00-04:00,176.23989868164062,176.3300018310547,176.10000610351562,176.13999938964844,566118
2025-07-29 15:25:00-04:00,176.14500427246094,176.14990234375,175.77000427246094,175.8249969482422,1216586
2025-07-29 15:30:00-04:00,175.8300018310547,175.97039794921875,175.77999877929688,175.7899932861328,1080545
2025-07-29 15:35:00-04:00,175.79319763183594,175.8249969482422,175.4499969482422,175.55819702148438,2027958
2025-07-29 15:40:00-04:00,175.55499267578125,175.7949981689453,175.55499267578125,175.77999877929688,1388460
2025-07-29 15:45:00-04:00,175.78819274902344,175.93499755859375,175.72999572753906,175.75579833984375,1319178
2025-07-29 15:50:00-04:00,175.72999572753906,175.89500427246094,175.47999572753906,175.75,2863774
2025-07-29 15:55:00-04:00,175.75,175.75,175.23789978027344,175.50999450683594,6304124
2025-07-30 09:30:00-04:00,176.34950256347656,177.49000549316406,176.34950256347656,177.25,9683405
2025-07-30 09:35:00-04:00,177.25,177.67999267578125,177.13009643554688,177.41200256347656,3186529
2025-07-30 09:40:00-04:00,177.4199981689453,177.6199951171875,177.07009887695312,177.32000732421875,2336770
2025-07-30 09:45:00-04:00,177.3249969482422,177.92999267578125,177.30999755859375,177.85000610351562,3411572
2025-07-30 09:50:00-04:00,177.84500122070312,178.1199951171875,177.6300048828125,177.75999450683594,3257418
2025-07-30 09:55:00-04:00,177.75999450683594,178.0800018310547,177.5,177.66000366210938,1958203
2025-07-30 10:00:00-04:00,177.67999267578125,178.0500030517578,177.62820434570312,178.02000427246094,1698045
2025-07-30 10:05:00-04:00,178.01499938964844,178.35000610351562,177.8800048828125,178.1199951171875,2455616
2025-07-30 10:10:00-04:00,178.1199951171875,178.25,177.89999389648438,178.2346954345703,1689329
2025-07-30 10:15:00-04:00,178.23500061035156,178.39999389648438,178.17019653320312,178.26499938964844,1658373
2025-07-30 10:20:00-04:00,178.27000427246094,178.58999633789062,178.1699981689453,178.52999877929688,2277456
2025-07-30 10:25:00-04:00,178.52999877929688,178.74000549316406,178.32000732421875,178.4600067138672,2508897
2025-07-30 10:30:00-04:00,178.46009826660156,178.66000366210938,178.3800048828125,178.5,1634425
2025-07-30 10:35:00-04:00,178.4949951171875,178.58999633789062,178.42999267578125,178.4700927734375,1161323
2025-07-30 10:40:00-04:00,178.55499267578125,178.78799438476562,178.5,178.7550048828125,1542796
2025-07-30 10:45:00-04:00,178.75819396972656,178.8800048828125,178.64999389648438,178.7949981689453,1726998
2025-07-30 10:50:00-04:00,178.8000030517578,179.13999938964844,178.74000549316406,178.9700927734375,2519979
2025-07-30 10:55:00-04:00,178.97000122070312,179.27999877929688,178.7100067138672,178.86500549316406,2966435
2025-07-30 11:00:00-04:00,178.86000061035156,178.9698944091797,178.5449981689453,178.67999267578125,1930850
2025-07-30 11:05:00-04:00,178.6750030517578,178.72999572753906,178.5,178.59649658203125,1266090
2025-07-30 11:10:00-04:00,178.50999450683594,178.57000732421875,178.19000244140625,178.28729248046875,2095404
2025-07-30 11:15:00-04:00,178.2899932861328,178.6300048828125,178.25999450683594,178.5352020263672,1390834
2025-07-30 11:20:00-04:00,178.53500366210938,178.6199951171875,178.36000061035156,178.50970458984375,1365499
2025-07-30 11:25:00-04:00,178.50999450683594,178.55999755859375,178.25,178.26519775390625,970994
2025-07-30 11:30:00-04:00,178.26019287109375,178.35499572753906,178.1999969482422,178.27999877929688,1097185
2025-07-30 11:35:00-04:00,178.27200317382812,178.5,178.1446990966797,178.2552032470703,1101685
2025-07-30 11:40:00-04:00,178.25010681152344,178.64990234375,178.25010681152344,178.57000732421875,1334276
2025-07-30 11:45:00-04:00,178.55999755859375,178.61000061035156,178.44009399414062,178.5749969482422,775630
2025-07-30 11:50:00-04:00,178.5749969482422,178.89520263671875,178.51010131835938,178.88479614257812,1134087
2025-07-30 11:55:00-04:00,178.88839721679688,179.1199951171875,178.80999755859375,178.8699951171875,1787980
2025-07-30 12:00:00-04:00,178.86019897460938,178.92999267578125,178.63999938964844,178.86500549316406,1283949
2025-07-30 12:05:00-04:00,178.86500549316406,178.96499633789062,178.8000030517578,178.93499755859375,856256
2025-07-30 12:10:00-04:00,178.93479919433594,178.98500061035156,178.79010009765625,178.9199981689453,815421
2025-07-30 12:15:00-04:00,178.914794921875,179.0850067138672,178.91360473632812,178.98519897460938,1259015
2025-07-30 12:20:00-04:00,178.99000549316406,179.1999969482422,178.96009826660156,178.97999572753906,1395907
2025-07-30 12:25:00-04:00,178.97000122070312,178.99000549316406,178.77000427246094,178.80499267578125,865222
2025-07-30 12:30:00-04:00,178.8000946044922,179.0,178.8000946044922,178.96519470214844,1914558
2025-07-30 12:35:00-04:00,178.9600067138672,179.0399932861328,178.8699951171875,178.96499633789062,903855
2025-07-30 12:40:00-04:00,178.96279907226562,179.1300048828125,178.875,179.01010131835938,1441503
2025-07-30 12:45:00-04:00,179.01820373535156,179.13999938964844,178.9600067138672,179.125,1161204
2025-07-30 12:50:00-04:00,179.125,179.30999755859375,178.99000549316406,179.1300048828125,1858880
2025-07-30 12:55:00-04:00,179.1300048828125,179.25,179.0,179.1999969482422,814782
2025-07-30 13:00:00-04:00,179.20669555664062,179.2899932861328,179.13999938964844,179.22000122070312,899623
2025-07-30 13:05:00-04:00,179.21009826660156,179.25999450683594,179.0850067138672,179.1750030517578,890863
2025-07-30 13:10:00-04:00,179.1750030517578,179.25,179.10000610351562,179.1741943359375,785279
2025-07-30 13:15:00-04:00,179.1750030517578,179.39999389648438,179.13999938964844,179.27999877929688,1851992
2025-07-30 13:20:00-04:00,179.28500366210938,179.2899932861328,179.0800018310547,179.139892578125,851327
2025-07-30 13:25:00-04:00,179.13499450683594,179.14999389648438,178.96499633789062,179.00669860839844,1064343
2025-07-30 13:30:00-04:00,179.00999450683594,179.0767059326172,178.92999267578125,179.07000732421875,784468
2025-07-30 13:35:00-04:00,179.07000732421875,179.10000610351562,178.8800048828125,179.02479553222656,820803
2025-07-30 13:40:00-04:00,179.02999877929688,179.0800018310547,178.94000244140625,179.03500366210938,680537
2025-07-30 13:45:00-04:00,179.0399932861328,179.13999938964844,178.9499969482422,179.1199951171875,777139
2025-07-30 13:50:00-04:00,179.11000061035156,179.17999267578125,178.9499969482422,179.13499450683594,696962
2025-07-30 13:55:00-04:00,179.14500427246094,179.27999877929688,179.07009887695312,179.21009826660156,774812
2025-07-30 14:00:00-04:00,179.22999572753906,179.35000610351562,178.92999267578125,179.13999938964844,1434983
2025-07-30 14:05:00-04:00,179.14999389648438,179.65499877929688,179.11529541015625,179.4886932373047,2550224
2025-07-30 14:10:00-04:00,179.49000549316406,179.67999267578125,179.4499969482422,179.5749969482422,1591987
2025-07-30 14:15:00-04:00,179.5850067138672,179.64999389648438,179.4550018310547,179.47000122070312,996571
2025-07-30 14:20:00-04:00,179.47500610351562,179.5399932861328,179.25999450683594,179.3350067138672,1238319
2025-07-30 14:25:00-04:00,179.33999633789062,179.5800018310547,179.33999633789062,179.55499267578125,913320
2025-07-30 14:30:00-04:00,179.55499267578125,179.69000244140625,179.4199981689453,179.56500244140625,1365774
2025-07-30 14:35:00-04:00,179.57000732421875,179.8000030517578,179.4300994873047,179.62010192871094,2456429
2025-07-30 14:40:00-04:00,179.6199951171875,179.8699951171875,179.47999572753906,179.7949981689453,2078804
2025-07-30 14:45:00-04:00,179.7899932861328,179.88999938964844,179.49000549316406,179.61380004882812,1704300
2025-07-30 14:50:00-04:00,179.6199951171875,179.6199951171875,179.16000366210938,179.22500610351562,2339968
2025-07-30 14:55:00-04:00,179.22999572753906,179.42320251464844,177.8699951171875,178.139892578125,3774134
2025-07-30 15:00:00-04:00,178.1300048828125,178.58999633789062,177.55999755859375,178.3000030517578,3852383
2025-07-30 15:05:00-04:00,178.28500366210938,178.97000122070312,178.0399932861328,178.86990356445312,2844509
2025-07-30 15:10:00-04:00,178.86000061035156,179.3000030517578,178.74000549316406,179.0800018310547,2334402
2025-07-30 15:15:00-04:00,179.08009338378906,179.22999572753906,178.72500610351562,178.85479736328125,1773543
2025-07-30 15:20:00-04:00,178.86000061035156,179.0749969482422,178.55499267578125,178.6197967529297,1836544
2025-07-30 15:25:00-04:00,178.61000061035156,178.8000030517578,178.45010375976562,178.58999633789062,2039884
2025-07-30 15:30:00-04:00,178.58999633789062,179.10000610351562,178.5800018310547,178.8800048828125,1920407
2025-07-30 15:35:00-04:00,178.875,178.98989868164062,178.6199951171875,178.6999969482422,1651734
2025-07-30 15:40:00-04:00,178.69500732421875,179.00999450683594,178.5800018310547,178.69000244140625,1610908
2025-07-30 15:45:00-04:00,178.6999053955078,179.02999877929688,178.63499450683594,178.9949951171875,1919129
2025-07-30 15:50:00-04:00,178.9949951171875,179.39999389648438,178.92999267578125,179.30499267578125,3209295
2025-07-30 15:55:00-04:00,179.30999755859375,179.36000061035156,178.7899932861328,179.2899932861328,6386838
2025-07-31 09:30:00-04:00,182.92999267578125,183.2899932861328,181.92999267578125,182.35000610351562,21241450
2025-07-31 09:35:00-04:00,182.3000030517578,182.57000732421875,180.82000732421875,181.00999450683594,6650004
2025-07-31 09:40:00-04:00,181.00999450683594,181.8000030517578,180.82020568847656,181.0,4514289
2025-07-31 09:45:00-04:00,181.0,181.55850219726562,180.39999389648438,181.0749969482422,4631694
2025-07-31 09:50:00-04:00,181.07000732421875,182.11529541015625,180.77999877929688,181.84500122070312,4297459
2025-07-31 09:55:00-04:00,181.85000610351562,182.35000610351562,181.74000549316406,181.91000366210938,3641650
2025-07-31 10:00:00-04:00,181.91000366210938,182.1300048828125,181.6199951171875,181.66000366210938,2527791
2025-07-31 10:05:00-04:00,181.64999389648438,182.25,181.46499633789062,182.06500244140625,2683737
2025-07-31 10:10:00-04:00,182.0500030517578,182.2100067138672,181.59500122070312,182.0200958251953,2365210
2025-07-31 10:15:00-04:00,182.02999877929688,182.14999389648438,181.83999633789062,182.0850067138672,2004020
2025-07-31 10:20:00-04:00,182.10000610351562,182.11500549316406,181.55499267578125,181.74530029296875,1912870
2025-07-31 10:25:00-04:00,181.74789428710938,181.82000732421875,181.22999572753906,181.57000732421875,2258599
2025-07-31 10:30:00-04:00,181.57009887695312,181.72000122070312,180.92579650878906,180.94329833984375,2423718
2025-07-31 10:35:00-04:00,180.94500732421875,181.18499755859375,180.5449981689453,181.1699981689453,2805271
2025-07-31 10:40:00-04:00,181.13999938964844,181.14999389648438,180.13999938964844,180.4250030517578,2844906
2025-07-31 10:45:00-04:00,180.4250030517578,180.43519592285156,179.82000732421875,180.16000366210938,3953929
2025-07-31 10:50:00-04:00,180.16000366210938,180.1999969482422,179.4499969482422,179.76480102539062,3051517
2025-07-31 10:55:00-04:00,179.75999450683594,180.17990112304688,179.64019775390625,179.80499267578125,3225673
2025-07-31 11:00:00-04:00,179.8000030517578,180.25,179.66000366210938,180.0749969482422,2422285
2025-07-31 11:05:00-04:00,180.07000732421875,180.1999969482422,179.33999633789062,179.69000244140625,2654717
2025-07-31 11:10:00-04:00,179.72000122070312,179.77999877929688,179.08999633789062,179.10000610351562,2458618
2025-07-31 11:15:00-04:00,179.091796875,179.30999755859375,178.68350219726562,179.27999877929688,3022417
2025-07-31 11:20:00-04:00,179.28480529785156,179.65499877929688,179.11000061035156,179.14500427246094,2082932
2025-07-31 11:25:00-04:00,179.13999938964844,180.0,179.1300048828125,179.889892578125,1960615
2025-07-31 11:30:00-04:00,179.88999938964844,180.1199951171875,179.8000030517578,179.8748016357422,1937426
2025-07-31 11:35:00-04:00,179.84500122070312,180.42999267578125,179.83999633789062,180.41000366210938,1772792
2025-07-31 11:40:00-04:00,180.40480041503906,180.48500061035156,180.23179626464844,180.47500610351562,1811342
2025-07-31 11:45:00-04:00,180.4716033935547,180.6300048828125,180.3300018310547,180.5050048828125,1599882
2025-07-31 11:50:00-04:00,180.50999450683594,180.61000061035156,180.2700958251953,180.4600067138672,1230251
2025-07-31 11:55:00-04:00,180.4600067138672,180.6199951171875,180.3699951171875,180.59500122070312,1010738
2025-07-31 12:00:00-04:00,180.5800018310547,180.82989501953125,180.49000549316406,180.68519592285156,1320817
2025-07-31 12:05:00-04:00,180.67999267578125,180.99000549316406,180.6699981689453,180.97500610351562,1368522
2025-07-31 12:10:00-04:00,180.98500061035156,181.1999969482422,180.94000244140625,181.12249755859375,1468644
2025-07-31 12:15:00-04:00,181.1300048828125,181.3000030517578,181.06329345703125,181.19000244140625,1177821
2025-07-31 12:20:00-04:00,181.1820068359375,181.47000122070312,181.0500030517578,181.39500427246094,1189131
2025-07-31 12:25:00-04:00,181.39999389648438,181.49000549316406,181.27999877929688,181.3780059814453,922766
2025-07-31 12:30:00-04:00,181.37229919433594,181.4949951171875,181.19500732421875,181.19500732421875,1148011
2025-07-31 12:35:00-04:00,181.19500732421875,181.25,180.99000549316406,181.07000732421875,1245049
2025-07-31 12:40:00-04:00,181.05999755859375,181.3300018310547,181.02999877929688,181.14999389648438,1111527
2025-07-31 12:45:00-04:00,181.15499877929688,181.1750030517578,180.7100067138672,180.93649291992188,1776313
2025-07-31 12:50:00-04:00,180.94000244140625,180.99000549316406,180.73190307617188,180.9199981689453,2210839
2025-07-31 12:55:00-04:00,180.9152069091797,180.97000122070312,180.6199951171875,180.658203125,1161036
2025-07-31 13:00:00-04:00,180.66000366210938,180.80999755859375,180.50999450683594,180.5449981689453,1161787
2025-07-31 13:05:00-04:00,180.55479431152344,180.63999938964844,180.3800048828125,180.5850067138672,1100328
2025-07-31 13:10:00-04:00,180.5850067138672,180.6649932861328,180.2718048095703,180.38980102539062,1114368
2025-07-31 13:15:00-04:00,180.3800048828125,180.38499450683594,179.83999633789062,179.99000549316406,1913165
2025-07-31 13:20:00-04:00,179.9949951171875,180.02999877929688,179.47000122070312,179.52999877929688,1956039
2025-07-31 13:25:00-04:00,179.52000427246094,179.55999755859375,178.82000732421875,179.02000427246094,2626318
2025-07-31 13:30:00-04:00,179.0,179.14999389648438,178.6248016357422,178.8800048828125,2007592
2025-07-31 13:35:00-04:00,178.875,179.27999877929688,178.85989379882812,179.08999633789062,1942953
2025-07-31 13:40:00-04:00,179.0800018310547,179.39999389648438,179.0216064453125,179.2899932861328,1674548
2025-07-31 13:45:00-04:00,179.2899932861328,179.44000244140625,178.64999389648438,178.66000366210938,1753342
2025-07-31 13:50:00-04:00,178.64999389648438,178.64999389648438,177.59010314941406,177.86500549316406,3743794
2025-07-31 13:55:00-04:00,177.8385009765625,177.99000549316406,177.25999450683594,177.60000610351562,2410691
2025-07-31 14:00:00-04:00,177.58999633789062,178.17999267578125,177.46499633789062,177.69500732421875,2151397
2025-07-31 14:05:00-04:00,177.6999969482422,177.89520263671875,177.36000061035156,177.49989318847656,1865833
2025-07-31 14:10:00-04:00,177.5,177.5500030517578,176.60000610351562,176.625,2758849
2025-07-31 14:15:00-04:00,176.61500549316406,176.91000366210938,175.92999267578125,176.81500244140625,3779465
2025-07-31 14:20:00-04:00,176.8249969482422,177.35000610351562,176.7899932861328,177.24000549316406,2225992
2025-07-31 14:25:00-04:00,177.2447967529297,177.44000244140625,177.11000061035156,177.36500549316406,1547369
2025-07-31 14:30:00-04:00,177.36500549316406,177.82530212402344,177.32000732421875,177.7550048828125,2123181
2025-07-31 14:35:00-04:00,177.75,177.9499969482422,177.63009643554688,177.77139282226562,1448121
2025-07-31 14:40:00-04:00,177.75,178.0749969482422,177.72000122070312,178.06500244140625,1439466
2025-07-31 14:45:00-04:00,178.06869506835938,178.16990661621094,177.94000244140625,177.9499053955078,1261501
2025-07-31 14:50:00-04:00,177.94000244140625,178.05990600585938,177.74000549316406,177.82000732421875,1299854
2025-07-31 14:55:00-04:00,177.82000732421875,178.03500366210938,177.56500244140625,177.63479614257812,1349577
2025-07-31 15:00:00-04:00,177.64500427246094,178.1699981689453,177.64500427246094,178.02000427246094,1490506
2025-07-31 15:05:00-04:00,178.02499389648438,178.1699981689453,177.77000427246094,177.78500366210938,1202665
2025-07-31 15:10:00-04:00,177.7899932861328,178.00999450683594,177.3300018310547,177.41990661621094,1689962
2025-07-31 15:15:00-04:00,177.41000366210938,177.7299041748047,177.2100067138672,177.59500122070312,1628933
2025-07-31 15:20:00-04:00,177.58999633789062,177.86000061035156,177.2550048828125,177.4949951171875,1657616
2025-07-31 15:25:00-04:00,177.5,177.6750030517578,177.35000610351562,177.41969299316406,1375093
2025-07-31 15:30:00-04:00,177.4250030517578,177.9499969482422,177.4250030517578,177.91000366210938,1535233
2025-07-31 15:35:00-04:00,177.91000366210938,177.97999572753906,177.69000244140625,177.69479370117188,1597721
2025-07-31 15:40:00-04:00,177.69500732421875,178.02000427246094,177.6750030517578,178.01499938964844,1652884
2025-07-31 15:45:00-04:00,178.02000427246094,178.0850067138672,177.57479858398438,177.6199951171875,1616083
2025-07-31 15:50:00-04:00,177.61000061035156,178.05999755859375,177.25999450683594,177.5447998046875,3796924
2025-07-31 15:55:00-04:00,177.55499267578125,178.1699981689453,177.14500427246094,177.85000610351562,6209639
2025-08-01 09:30:00-04:00,172.75,174.10000610351562,172.75,173.0399932861328,18605857
2025-08-01 09:35:00-04:00,173.0399932861328,173.8699951171875,172.85000610351562,173.32200622558594,4827037
2025-08-01 09:40:00-04:00,173.32000732421875,173.41000366210938,171.77999877929688,171.82000732421875,5781220
2025-08-01 09:45:00-04:00,171.39999389648438,171.875,170.88999938964844,170.92010498046875,5611575
2025-08-01 09:50:00-04:00,170.9250030517578,172.33999633789062,170.90499877929688,172.27520751953125,4545818
2025-08-01 09:55:00-04:00,172.27000427246094,172.7899932861328,172.0500030517578,172.19000244140625,3698795
2025-08-01 10:00:00-04:00,172.14999389648438,172.72999572753906,171.41000366210938,172.40040588378906,4633612
2025-08-01 10:05:00-04:00,172.39999389648438,173.1699981689453,172.00999450683594,173.09219360351562,3622092
2025-08-01 10:10:00-04:00,173.09519958496094,174.24000549316406,173.0,173.88499450683594,4763002
2025-08-01 10:15:00-04:00,173.88999938964844,174.75,173.85499572753906,174.22500610351562,4293778
2025-08-01 10:20:00-04:00,174.22500610351562,175.02999877929688,174.22000122070312,174.91009521484375,3987081
2025-08-01 10:25:00-04:00,174.9149932861328,175.03500366210938,174.5800018310547,174.97500610351562,2505569
2025-08-01 10:30:00-04:00,174.97999572753906,175.80999755859375,174.8000030517578,175.63999938964844,3434717
2025-08-01 10:35:00-04:00,175.6300048828125,176.0,175.47999572753906,175.54010009765625,3689491
2025-08-01 10:40:00-04:00,175.5449981689453,175.61000061035156,175.1313018798828,175.22000122070312,2715922
2025-08-01 10:45:00-04:00,175.24000549316406,175.9799041748047,175.2100067138672,175.48500061035156,2466902
2025-08-01 10:50:00-04:00,175.47999572753906,175.52520751953125,174.8000030517578,174.9600067138672,2631446
2025-08-01 10:55:00-04:00,174.96499633789062,175.3000030517578,174.72000122070312,174.91879272460938,1640571
2025-08-01 11:00:00-04:00,174.9550018310547,174.97999572753906,174.47500610351562,174.69500732421875,2098254
2025-08-01 11:05:00-04:00,174.6999969482422,175.14999389648438,174.64999389648438,174.88499450683594,1616365
2025-08-01 11:10:00-04:00,174.875,174.99000549316406,174.4001007080078,174.4398956298828,1756269
2025-08-01 11:15:00-04:00,174.42999267578125,174.89999389648438,174.33999633789062,174.7550048828125,1613128
2025-08-01 11:20:00-04:00,174.75,175.02999877929688,174.64999389648438,174.77000427246094,1462771
2025-08-01 11:25:00-04:00,174.76980590820312,175.13999938964844,174.72000122070312,174.77999877929688,1453747
2025-08-01 11:30:00-04:00,174.77000427246094,175.0,174.64999389648438,174.875,1298153
2025-08-01 11:35:00-04:00,174.8800048828125,175.49000549316406,174.8249969482422,175.44009399414062,1760327
2025-08-01 11:40:00-04:00,175.4550018310547,175.8498992919922,175.37469482421875,175.8018035888672,1773674
2025-08-01 11:45:00-04:00,175.80999755859375,176.0,175.52999877929688,175.80999755859375,2096137
2025-08-01 11:50:00-04:00,175.81500244140625,176.08999633789062,175.6649932861328,176.06500244140625,1683680
2025-08-01 11:55:00-04:00,176.05499267578125,176.33999633789062,175.9250030517578,176.30499267578125,1643730
2025-08-01 12:00:00-04:00,176.3000030517578,176.53729248046875,176.1699981689453,176.22999572753906,1780401
2025-08-01 12:05:00-04:00,176.22999572753906,176.5399932861328,176.12330627441406,176.2100067138672,1404791
2025-08-01 12:10:00-04:00,176.2200927734375,176.2449951171875,175.9499969482422,176.14999389648438,1386218
2025-08-01 12:15:00-04:00,176.13999938964844,176.25,175.8800048828125,176.14999389648438,1168103
2025-08-01 12:20:00-04:00,176.13999938964844,176.2100067138672,175.85499572753906,176.00999450683594,951038
2025-08-01 12:25:00-04:00,176.01499938964844,176.35000610351562,175.77000427246094,175.82000732421875,1283197
2025-08-01 12:30:00-04:00,175.82000732421875,175.83999633789062,175.61399841308594,175.81590270996094,1186743
2025-08-01 12:35:00-04:00,175.80999755859375,175.8699951171875,175.38499450683594,175.4600067138672,1078516
2025-08-01 12:40:00-04:00,175.48500061035156,175.48500061035156,175.10000610351562,175.22999572753906,1251461
2025-08-01 12:45:00-04:00,175.2100067138672,175.5399932861328,175.02999877929688,175.11000061035156,1432301
2025-08-01 12:50:00-04:00,175.1199951171875,175.14990234375,174.67999267578125,174.71499633789062,1505743
2025-08-01 12:55:00-04:00,174.72500610351562,174.77999877929688,174.02999877929688,174.1699981689453,1849999
2025-08-01 13:00:00-04:00,174.13999938964844,174.4199981689453,173.60000610351562,173.75,2617114
2025-08-01 13:05:00-04:00,173.75,174.27879333496094,173.5,174.1999969482422,2070604
2025-08-01 13:10:00-04:00,174.1999969482422,174.28529357910156,173.7050018310547,173.77529907226562,1416375
2025-08-01 13:15:00-04:00,173.76559448242188,173.97509765625,173.5399932861328,173.62989807128906,1205472
2025-08-01 13:20:00-04:00,173.60499572753906,173.67999267578125,173.32009887695312,173.3560028076172,1490019
2025-08-01 13:25:00-04:00,173.35470581054688,173.35470581054688,172.6649932861328,173.10989379882812,2574980
2025-08-01 13:30:00-04:00,173.10499572753906,173.6999969482422,173.0500030517578,173.47000122070312,2119555
2025-08-01 13:35:00-04:00,173.47470092773438,173.52999877929688,172.7949981689453,172.90499877929688,1585556
2025-08-01 13:40:00-04:00,172.91000366210938,173.4752960205078,172.91000366210938,173.3350067138672,1392945
2025-08-01 13:45:00-04:00,173.3199005126953,173.4687957763672,173.03500366210938,173.13180541992188,1506243
2025-08-01 13:50:00-04:00,173.14999389648438,173.3000030517578,172.9550018310547,173.0749969482422,1126904
2025-08-01 13:55:00-04:00,173.0800018310547,173.1199951171875,172.82000732421875,173.0399932861328,1176683
2025-08-01 14:00:00-04:00,173.02999877929688,173.11129760742188,172.28500366210938,172.36830139160156,2197067
2025-08-01 14:05:00-04:00,172.36000061035156,172.4799041748047,172.02499389648438,172.17010498046875,2315662
2025-08-01 14:10:00-04:00,172.1699981689453,172.33999633789062,171.7949981689453,172.2899932861328,2660325
2025-08-01 14:15:00-04:00,172.2899932861328,172.93499755859375,172.26499938964844,172.78500366210938,1967175
2025-08-01 14:20:00-04:00,172.77999877929688,172.9199981689453,172.36000061035156,172.90499877929688,1554898
2025-08-01 14:25:00-04:00,172.89999389648438,173.44500732421875,172.8249969482422,173.2799072265625,1998451
2025-08-01 14:30:00-04:00,173.27499389648438,173.58999633789062,173.17999267578125,173.35000610351562,1625679
2025-08-01 14:35:00-04:00,173.36000061035156,173.6300048828125,173.3300018310547,173.5800018310547,1110114
2025-08-01 14:40:00-04:00,173.5749969482422,174.09820556640625,173.5,174.0897979736328,1439938
2025-08-01 14:45:00-04:00,174.0800018310547,174.14999389648438,173.55999755859375,173.63999938964844,1666671
2025-08-01 14:50:00-04:00,173.6300048828125,173.63499450683594,172.85000610351562,172.88499450683594,1808221
2025-08-01 14:55:00-04:00,172.89999389648438,173.19000244140625,172.72999572753906,172.95480346679688,1768480
2025-08-01 15:00:00-04:00,172.9499969482422,173.19000244140625,172.8300018310547,172.89999389648438,1397291
2025-08-01 15:05:00-04:00,172.88999938964844,173.6300048828125,172.8800048828125,173.33999633789062,1854914
2025-08-01 15:10:00-04:00,173.33999633789062,173.57000732421875,173.25999450683594,173.4499969482422,1380254
2025-08-01 15:15:00-04:00,173.44500732421875,173.8251953125,173.34500122070312,173.74989318847656,1534983
2025-08-01 15:20:00-04:00,173.7449951171875,173.7949981689453,173.36000061035156,173.72500610351562,1594613
2025-08-01 15:25:00-04:00,173.7100067138672,173.89999389648438,173.4949951171875,173.75,1228058
2025-08-01 15:30:00-04:00,173.7449951171875,173.8699951171875,173.19500732421875,173.8300018310547,1837709
2025-08-01 15:35:00-04:00,173.8300018310547,173.8800048828125,173.62989807128906,173.63499450683594,1217486
2025-08-01 15:40:00-04:00,173.6300048828125,173.9199981689453,173.60499572753906,173.83999633789062,1387236
2025-08-01 15:45:00-04:00,173.83670043945312,174.4199981689453,173.75999450683594,174.3249969482422,2107522
2025-08-01 15:50:00-04:00,174.3300018310547,174.6999969482422,173.52999877929688,174.1199951171875,3426562
2025-08-01 15:55:00-04:00,174.1199951171875,174.1199951171875,173.56500244140625,173.58999633789062,4908044
2025-08-04 09:30:00-04:00,175.16000366210938,175.65499877929688,174.55999755859375,175.55999755859375,10962947
2025-08-04 09:35:00-04:00,175.56500244140625,176.6999969482422,175.4801025390625,176.375,4492051
2025-08-04 09:40:00-04:00,176.3800048828125,176.8249969482422,175.8000030517578,176.72500610351562,3612316
2025-08-04 09:45:00-04:00,176.75,177.1699981689453,176.44000244140625,176.5399932861328,3079112
2025-08-04 09:50:00-04:00,176.5399932861328,177.1699981689453,176.3513946533203,177.0850067138672,2710274
2025-08-04 09:55:00-04:00,177.08999633789062,177.27000427246094,176.8647003173828,177.07000732421875,2373284
2025-08-04 10:00:00-04:00,177.08999633789062,177.3300018310547,176.9199981689453,177.22999572753906,2035229
2025-08-04 10:05:00-04:00,177.22999572753906,177.52000427246094,176.82000732421875,176.89500427246094,2629781
2025-08-04 10:10:00-04:00,176.88999938964844,177.8000030517578,176.60609436035156,177.78500366210938,2476084
2025-08-04 10:15:00-04:00,177.7899932861328,178.02000427246094,177.64999389648438,177.93569946289062,2424021
2025-08-04 10:20:00-04:00,177.94000244140625,178.10000610351562,177.74000549316406,177.8350067138672,1828725
2025-08-04 10:25:00-04:00,177.83999633789062,177.98980712890625,177.72500610351562,177.9499969482422,1401012
2025-08-04 10:30:00-04:00,177.95140075683594,178.10000610351562,177.53500366210938,178.07989501953125,1896356
2025-08-04 10:35:00-04:00,178.07000732421875,178.07850646972656,177.47999572753906,177.48809814453125,1954802
2025-08-04 10:40:00-04:00,177.47999572753906,177.66000366210938,177.1300048828125,177.3000030517578,1859455
2025-08-04 10:45:00-04:00,177.2779998779297,177.75999450683594,177.03500366210938,177.7353057861328,1774412
2025-08-04 10:50:00-04:00,177.74000549316406,177.82000732421875,177.40499877929688,177.5050048828125,1384770
2025-08-04 10:55:00-04:00,177.50999450683594,177.77999877929688,177.4600067138672,177.6300048828125,1188851
2025-08-04 11:00:00-04:00,177.6199951171875,177.6199951171875,177.14999389648438,177.40499877929688,1273310
2025-08-04 11:05:00-04:00,177.39999389648438,177.4550018310547,177.08999633789062,177.2899932861328,1278646
2025-08-04 11:10:00-04:00,177.2899932861328,177.30999755859375,176.92999267578125,177.1790008544922,1586332
2025-08-04 11:15:00-04:00,177.18499755859375,177.41000366210938,177.1699981689453,177.38499450683594,1104096
2025-08-04 11:20:00-04:00,177.38499450683594,177.6999969482422,177.27000427246094,177.68499755859375,1420295
2025-08-04 11:25:00-04:00,177.69000244140625,177.8800048828125,177.6699981689453,177.8498992919922,1208480
2025-08-04 11:30:00-04:00,177.8300018310547,177.90499877929688,177.6999969482422,177.85499572753906,1133139
2025-08-04 11:35:00-04:00,177.86000061035156,178.125,177.85009765625,178.0500030517578,1577337
2025-08-04 11:40:00-04:00,178.07000732421875,178.1199951171875,177.64999389648438,177.86000061035156,1223251
2025-08-04 11:45:00-04:00,177.86500549316406,177.97999572753906,177.6999969482422,177.85000610351562,949177
2025-08-04 11:50:00-04:00,177.8251953125,178.3300018310547,177.75,178.31480407714844,1554838
2025-08-04 11:55:00-04:00,178.31500244140625,178.54989624023438,178.30999755859375,178.47520446777344,1427683
2025-08-04 12:00:00-04:00,178.47500610351562,178.6300048828125,178.3699951171875,178.53469848632812,1190521
2025-08-04 12:05:00-04:00,178.52999877929688,178.72000122070312,178.4499969482422,178.63499450683594,984269
2025-08-04 12:10:00-04:00,178.63499450683594,178.77000427246094,178.5500030517578,178.5709991455078,1052801
2025-08-04 12:15:00-04:00,178.5749969482422,178.8699951171875,178.5399932861328,178.8249969482422,1028975
2025-08-04 12:20:00-04:00,178.82179260253906,178.9600067138672,178.77000427246094,178.80499267578125,987496
2025-08-04 12:25:00-04:00,178.8000030517578,179.03529357910156,178.77000427246094,178.9250030517578,1301495
2025-08-04 12:30:00-04:00,178.9250030517578,179.10000610351562,178.88999938964844,179.0749969482422,1143976
2025-08-04 12:35:00-04:00,179.0749969482422,179.10000610351562,178.8000030517578,178.80999755859375,1215598
2025-08-04 12:40:00-04:00,178.80499267578125,178.80979919433594,178.61000061035156,178.7801055908203,1097769
2025-08-04 12:45:00-04:00,178.7884979248047,179.0,178.77999877929688,178.908203125,859797
2025-08-04 12:50:00-04:00,178.90330505371094,179.0,178.86000061035156,178.9499969482422,758024
2025-08-04 12:55:00-04:00,178.9499969482422,178.98500061035156,178.80999755859375,178.83999633789062,646737
2025-08-04 13:00:00-04:00,178.83200073242188,178.88999938964844,178.72000122070312,178.80189514160156,751331
2025-08-04 13:05:00-04:00,178.80999755859375,178.9600067138672,178.73500061035156,178.94520568847656,725861
2025-08-04 13:10:00-04:00,178.94500732421875,178.98500061035156,178.87130737304688,178.9499969482422,646019
2025-08-04 13:15:00-04:00,178.9600067138672,179.10000610351562,178.90499877929688,179.0937957763672,861684
2025-08-04 13:20:00-04:00,179.09500122070312,179.09519958496094,178.92999267578125,179.07989501953125,715548
2025-08-04 13:25:00-04:00,179.0301055908203,179.05499267578125,178.9550018310547,179.02999877929688,776840
2025-08-04 13:30:00-04:00,179.0399932861328,179.14999389648438,178.9300994873047,179.0196990966797,1043325
2025-08-04 13:35:00-04:00,179.02999877929688,179.03500366210938,178.77099609375,178.86500549316406,785229
2025-08-04 13:40:00-04:00,178.86500549316406,178.9550018310547,178.69000244140625,178.86480712890625,1189220
2025-08-04 13:45:00-04:00,178.8699951171875,179.10000610351562,178.80999755859375,178.98500061035156,1116229
2025-08-04 13:50:00-04:00,178.97999572753906,179.3000030517578,178.97999572753906,179.22999572753906,1602736
2025-08-04 13:55:00-04:00,179.24000549316406,179.47000122070312,179.1699981689453,179.42039489746094,1334578
2025-08-04 14:00:00-04:00,179.42999267578125,179.63499450683594,179.38999938964844,179.59500122070312,1636392
2025-08-04 14:05:00-04:00,179.5926971435547,179.81500244140625,179.5449981689453,179.6649932861328,1555380
2025-08-04 14:10:00-04:00,179.66000366210938,179.67520141601562,179.32000732421875,179.39520263671875,1339840
2025-08-04 14:15:00-04:00,179.3990020751953,179.49000549316406,179.35000610351562,179.4322967529297,801274
2025-08-04 14:20:00-04:00,179.44000244140625,179.49000549316406,179.2899932861328,179.43499755859375,851433
2025-08-04 14:25:00-04:00,179.44000244140625,179.5399932861328,179.17999267578125,179.27000427246094,1035473
2025-08-04 14:30:00-04:00,179.27479553222656,179.39999389648438,179.19000244140625,179.30499267578125,891298
2025-08-04 14:35:00-04:00,179.30499267578125,179.5500030517578,179.27349853515625,179.47000122070312,1344677
2025-08-04 14:40:00-04:00,179.4600067138672,179.5399932861328,179.2899932861328,179.50999450683594,776972
2025-08-04 14:45:00-04:00,179.51499938964844,179.5500030517578,179.30479431152344,179.4250030517578,965971
2025-08-04 14:50:00-04:00,179.42010498046875,179.48800659179688,179.22000122070312,179.25999450683594,735219
2025-08-04 14:55:00-04:00,179.2552032470703,179.3000030517578,178.94000244140625,179.03500366210938,1261112
2025-08-04 15:00:00-04:00,179.02999877929688,179.22999572753906,178.97000122070312,179.01010131835938,933328
2025-08-04 15:05:00-04:00,179.00999450683594,179.1748046875,178.9499969482422,179.1199951171875,1246087
2025-08-04 15:10:00-04:00,179.11000061035156,179.35000610351562,179.0500030517578,179.27499389648438,1013707
2025-08-04 15:15:00-04:00,179.2799072265625,179.66000366210938,179.27000427246094,179.62840270996094,1446705
2025-08-04 15:20:00-04:00,179.62010192871094,179.65989685058594,179.4199981689453,179.48500061035156,1367890
2025-08-04 15:25:00-04:00,179.48989868164062,179.48989868164062,179.27000427246094,179.31390380859375,983913
2025-08-04 15:30:00-04:00,179.3101043701172,179.38999938964844,179.11000061035156,179.2100067138672,1209048
2025-08-04 15:35:00-04:00,179.2198944091797,179.2899932861328,179.14010620117188,179.2698974609375,934869
2025-08-04 15:40:00-04:00,179.27000427246094,179.5,179.25999450683594,179.4250030517578,1404180
2025-08-04 15:45:00-04:00,179.4250030517578,179.6199951171875,179.36000061035156,179.5749969482422,1641530
2025-08-04 15:50:00-04:00,179.55999755859375,179.8699951171875,179.44500732421875,179.78500366210938,2789456
2025-08-04 15:55:00-04:00,179.78500366210938,179.99000549316406,179.72999572753906,179.97000122070312,6210659
2025-08-05 09:30:00-04:00,178.77000427246094,179.7100067138672,178.5800018310547,178.75999450683594,11559390
2025-08-05 09:35:00-04:00,178.77999877929688,180.25999450683594,178.72999572753906,180.12559509277344,4823604
2025-08-05 09:40:00-04:00,180.1199951171875,180.2100067138672,179.52999877929688,179.6300048828125,3195502
2025-08-05 09:45:00-04:00,179.72000122070312,179.72999572753906,179.25,179.42999267578125,2585844
2025-08-05 09:50:00-04:00,179.42999267578125,179.67999267578125,178.97000122070312,179.5500030517578,2855085
2025-08-05 09:55:00-04:00,179.55499267578125,179.97999572753906,179.33999633789062,179.94000244140625,1884762
2025-08-05 10:00:00-04:00,179.9199981689453,179.93499755859375,179.02000427246094,179.10989379882812,2437900
2025-08-05 10:05:00-04:00,179.11000061035156,179.31500244140625,178.88999938964844,178.97500610351562,2303152
2025-08-05 10:10:00-04:00,178.97999572753906,179.3199005126953,178.82000732421875,179.0,2004387
2025-08-05 10:15:00-04:00,179.00999450683594,179.15499877929688,178.2899932861328,178.47500610351562,2569233
2025-08-05 10:20:00-04:00,178.47000122070312,178.47000122070312,177.8300018310547,178.22500610351562,3196866
2025-08-05 10:25:00-04:00,178.22000122070312,178.35989379882812,177.75,178.24000549316406,2411429
2025-08-05 10:30:00-04:00,178.25,178.48829650878906,177.85499572753906,177.98989868164062,2358464
2025-08-05 10:35:00-04:00,177.9846954345703,178.13999938964844,177.65499877929688,177.77999877929688,2100205
2025-08-05 10:40:00-04:00,177.77000427246094,178.0449981689453,176.92999267578125,177.11000061035156,3369323
2025-08-05 10:45:00-04:00,177.1199951171875,177.27999877929688,175.9600067138672,176.01499938964844,3735369
2025-08-05 10:50:00-04:00,176.00999450683594,176.8000030517578,175.89999389648438,176.72500610351562,3732828
2025-08-05 10:55:00-04:00,176.72500610351562,177.38499450683594,176.67999267578125,177.34500122070312,2699717
2025-08-05 11:00:00-04:00,177.3350067138672,177.84970092773438,177.0,177.6999969482422,2847036
2025-08-05 11:05:00-04:00,177.6999969482422,177.9600067138672,177.3300018310547,177.360107421875,2166365
2025-08-05 11:10:00-04:00,177.36500549316406,177.72500610351562,177.0,177.6750030517578,2425648
2025-08-05 11:15:00-04:00,177.67999267578125,177.69500732421875,177.16000366210938,177.27999877929688,1590745
2025-08-05 11:20:00-04:00,177.2899932861328,177.4853057861328,176.7100067138672,176.89500427246094,1620485
2025-08-05 11:25:00-04:00,176.89999389648438,177.0,176.72000122070312,176.88499450683594,1464844
2025-08-05 11:30:00-04:00,176.8800048828125,177.2899932861328,176.79010009765625,177.02000427246094,1528958
2025-08-05 11:35:00-04:00,177.00999450683594,177.0399932861328,176.44000244140625,176.52499389648438,1597585
2025-08-05 11:40:00-04:00,176.52000427246094,176.735107421875,176.22000122070312,176.62879943847656,1688279
2025-08-05 11:45:00-04:00,176.60000610351562,176.88499450683594,176.47999572753906,176.6199951171875,1347929
2025-08-05 11:50:00-04:00,176.61000061035156,176.95469665527344,176.5,176.88499450683594,1220252
2025-08-05 11:55:00-04:00,176.8800048828125,177.14500427246094,176.83999633789062,177.08999633789062,1211529
2025-08-05 12:00:00-04:00,177.08999633789062,177.6999969482422,177.07130432128906,177.63999938964844,1858447
2025-08-05 12:05:00-04:00,177.63999938964844,178.1300048828125,177.58999633789062,177.68499755859375,2075684
2025-08-05 12:10:00-04:00,177.6875,177.87989807128906,177.63999938964844,177.85000610351562,1177285
2025-08-05 12:15:00-04:00,177.86000061035156,178.00999450683594,177.83999633789062,178.0,1072490
2025-08-05 12:20:00-04:00,178.0050048828125,178.26499938964844,177.88499450683594,177.94500732421875,2178352
2025-08-05 12:25:00-04:00,177.93499755859375,178.02499389648438,177.84500122070312,177.92999267578125,1052103
2025-08-05 12:30:00-04:00,177.9199981689453,178.22000122070312,177.89500427246094,178.0,1118264
2025-08-05 12:35:00-04:00,178.0,178.02000427246094,177.72999572753906,177.7698974609375,1144491
2025-08-05 12:40:00-04:00,177.75,177.78829956054688,177.5,177.57000732421875,1059781
2025-08-05 12:45:00-04:00,177.56849670410156,177.56849670410156,177.00999450683594,177.2698974609375,1356163
2025-08-05 12:50:00-04:00,177.25970458984375,177.80999755859375,177.23739624023438,177.7050018310547,1198536
2025-08-05 12:55:00-04:00,177.7050018310547,177.8000030517578,177.4499969482422,177.5198974609375,911557
2025-08-05 13:00:00-04:00,177.50999450683594,177.5800018310547,177.02000427246094,177.36000061035156,1424886
2025-08-05 13:05:00-04:00,177.35499572753906,177.6199951171875,177.25,177.51010131835938,752225
2025-08-05 13:10:00-04:00,177.51499938964844,177.66000366210938,177.47500610351562,177.62030029296875,774815
2025-08-05 13:15:00-04:00,177.6199951171875,177.64999389648438,177.2700958251953,177.47999572753906,918220
2025-08-05 13:20:00-04:00,177.48500061035156,177.75999450683594,177.3699951171875,177.68499755859375,811029
2025-08-05 13:25:00-04:00,177.68499755859375,178.11000061035156,177.66000366210938,178.02999877929688,967015
2025-08-05 13:30:00-04:00,178.0399932861328,178.125,177.95469665527344,177.99159240722656,754440
2025-08-05 13:35:00-04:00,177.9949951171875,178.20010375976562,177.9499969482422,178.19140625,859427
2025-08-05 13:40:00-04:00,178.19500732421875,178.3699951171875,178.16209411621094,178.25010681152344,935676
2025-08-05 13:45:00-04:00,178.25010681152344,178.6053009033203,178.23500061035156,178.57000732421875,1189426
2025-08-05 13:50:00-04:00,178.57330322265625,178.77000427246094,178.52000427246094,178.7678985595703,887438
2025-08-05 13:55:00-04:00,178.76480102539062,179.05999755859375,178.71009826660156,178.9149932861328,1972090
2025-08-05 14:00:00-04:00,178.9149932861328,179.11439514160156,178.7200927734375,178.97999572753906,1388568
2025-08-05 14:05:00-04:00,178.9801025390625,179.0299072265625,178.79989624023438,178.8199005126953,819567
2025-08-05 14:10:00-04:00,178.81500244140625,178.86529541015625,178.64999389648438,178.677001953125,982637
2025-08-05 14:15:00-04:00,178.6750030517578,178.73989868164062,178.35000610351562,178.49000549316406,1513847
2025-08-05 14:20:00-04:00,178.48480224609375,178.64999389648438,178.36000061035156,178.59500122070312,937107
2025-08-05 14:25:00-04:00,178.58999633789062,178.66000366210938,178.4199981689453,178.50999450683594,981499
2025-08-05 14:30:00-04:00,178.51010131835938,178.7299041748047,178.25999450683594,178.55999755859375,1303550
2025-08-05 14:35:00-04:00,178.56500244140625,178.5906982421875,178.32000732421875,178.47560119628906,1102599
2025-08-05 14:40:00-04:00,178.47500610351562,178.5,178.0500030517578,178.3000030517578,1186232
2025-08-05 14:45:00-04:00,178.2899932861328,178.47999572753906,177.91000366210938,178.0749969482422,1580721
2025-08-05 14:50:00-04:00,178.0749969482422,178.11839294433594,177.65150451660156,177.96499633789062,1356606
2025-08-05 14:55:00-04:00,177.968994140625,178.22000122070312,177.76870727539062,178.1999969482422,1178515
2025-08-05 15:00:00-04:00,178.17999267578125,178.38499450683594,178.085205078125,178.26480102539062,1021266
2025-08-05 15:05:00-04:00,178.27999877929688,178.2899932861328,178.0200958251953,178.0749969482422,1009568
2025-08-05 15:10:00-04:00,178.0717010498047,178.33999633789062,178.0399932861328,178.2550048828125,927929
2025-08-05 15:15:00-04:00,178.25010681152344,178.30999755859375,178.0699005126953,178.26499938964844,1066375
2025-08-05 15:20:00-04:00,178.25999450683594,178.5399932861328,178.1800994873047,178.5050048828125,1000666
2025-08-05 15:25:00-04:00,178.5,178.82000732421875,178.3800048828125,178.77520751953125,1370058
2025-08-05 15:30:00-04:00,178.77499389648438,178.93499755859375,178.66000366210938,178.6750030517578,1497028
2025-08-05 15:35:00-04:00,178.6699981689453,178.93499755859375,178.610107421875,178.83169555664062,1379871
2025-08-05 15:40:00-04:00,178.8350067138672,178.97500610351562,178.36000061035156,178.55999755859375,1630433
2025-08-05 15:45:00-04:00,178.55799865722656,178.72000122070312,178.34500122070312,178.38999938964844,1249218
2025-08-05 15:50:00-04:00,178.41000366210938,178.75070190429688,178.38999938964844,178.48500061035156,2028924
2025-08-05 15:55:00-04:00,178.47999572753906,178.60000610351562,178.1199951171875,178.25999450683594,3277949
2025-08-06 09:30:00-04:00,176.3249969482422,177.99000549316406,176.25,177.9550018310547,10609871
2025-08-06 09:35:00-04:00,177.9550018310547,178.14999389648438,177.16189575195312,177.32000732421875,2958385
2025-08-06 09:40:00-04:00,177.3300018310547,177.63499450683594,177.05999755859375,177.6199951171875,2307527
2025-08-06 09:45:00-04:00,177.6300048828125,178.07769775390625,177.3000030517578,177.75999450683594,2773570
2025-08-06 09:50:00-04:00,177.75999450683594,178.66000366210938,177.42539978027344,178.5850067138672,3025913
2025-08-06 09:55:00-04:00,178.5800018310547,178.8300018310547,178.35000610351562,178.4980926513672,2417137
2025-08-06 10:00:00-04:00,178.5,179.32000732421875,178.3300018310547,179.30499267578125,2816087
2025-08-06 10:05:00-04:00,179.30999755859375,179.42999267578125,179.13999938964844,179.28500366210938,2071586
2025-08-06 10:10:00-04:00,179.27499389648438,179.28500366210938,178.52999877929688,178.59500122070312,2090074
2025-08-06 10:15:00-04:00,178.60000610351562,178.83999633789062,178.34500122070312,178.53509521484375,1970492
2025-08-06 10:20:00-04:00,178.52999877929688,178.6649932861328,177.5749969482422,177.72999572753906,2328256
2025-08-06 10:25:00-04:00,177.73500061035156,178.10679626464844,177.5800018310547,178.0399932861328,1842189
2025-08-06 10:30:00-04:00,178.02999877929688,178.1352996826172,177.80999755859375,178.00030517578125,1604278
2025-08-06 10:35:00-04:00,178.0,178.2686004638672,177.9445037841797,178.0,1590703
2025-08-06 10:40:00-04:00,178.0,178.05499267578125,177.64010620117188,177.8350067138672,1677421
2025-08-06 10:45:00-04:00,177.83999633789062,177.88999938964844,177.22999572753906,177.25,2077271
2025-08-06 10:50:00-04:00,177.25999450683594,177.2899932861328,176.80189514160156,177.1562957763672,2685772
2025-08-06 10:55:00-04:00,177.14999389648438,177.88999938964844,177.14999389648438,177.84500122070312,2313634
2025-08-06 11:00:00-04:00,177.85000610351562,177.99000549316406,177.44000244140625,177.4700927734375,1385875
2025-08-06 11:05:00-04:00,177.47500610351562,177.75999450683594,177.30160522460938,177.72999572753906,1382405
2025-08-06 11:10:00-04:00,177.72999572753906,177.86500549316406,177.50999450683594,177.82000732421875,1296707
2025-08-06 11:15:00-04:00,177.82000732421875,178.11000061035156,177.8000030517578,177.875,1719619
2025-08-06 11:20:00-04:00,177.875,178.24000549316406,177.73500061035156,178.23500061035156,1564735
2025-08-06 11:25:00-04:00,178.23550415039062,178.39999389648438,178.12010192871094,178.14999389648438,1401476
2025-08-06 11:30:00-04:00,178.14999389648438,178.3800048828125,178.11000061035156,178.18499755859375,1265829
2025-08-06 11:35:00-04:00,178.19000244140625,178.32989501953125,178.07000732421875,178.18499755859375,1144368
2025-08-06 11:40:00-04:00,178.1999969482422,178.60499572753906,178.02000427246094,178.5850067138672,1561341
2025-08-06 11:45:00-04:00,178.58999633789062,178.75,178.4499969482422,178.7050018310547,1278018
2025-08-06 11:50:00-04:00,178.7050018310547,179.135498046875,178.6634979248047,179.04550170898438,1615830
2025-08-06 11:55:00-04:00,179.05450439453125,179.07550048828125,178.8220977783203,179.02999877929688,1088794
2025-08-06 12:00:00-04:00,179.02999877929688,179.33999633789062,178.92999267578125,179.33999633789062,1502398
2025-08-06 12:05:00-04:00,179.33810424804688,179.3800048828125,178.99000549316406,179.02000427246094,1217863
2025-08-06 12:10:00-04:00,179.02000427246094,179.02810668945312,178.5800018310547,178.62440490722656,1191865
2025-08-06 12:15:00-04:00,178.6300048828125,178.75999450683594,178.5500030517578,178.61500549316406,899962
2025-08-06 12:20:00-04:00,178.6199951171875,178.63999938964844,178.21009826660156,178.35499572753906,1091098
2025-08-06 12:25:00-04:00,178.34500122070312,178.35830688476562,178.08999633789062,178.23500061035156,949642
2025-08-06 12:30:00-04:00,178.22999572753906,178.23500061035156,177.7949981689453,178.00999450683594,1302946
2025-08-06 12:35:00-04:00,178.0,178.1999969482422,177.77549743652344,177.84010314941406,2022590
2025-08-06 12:40:00-04:00,177.83999633789062,178.00999450683594,177.75,177.77999877929688,1032235
2025-08-06 12:45:00-04:00,177.7899932861328,178.08999633789062,177.65809631347656,178.0449981689453,1232111
2025-08-06 12:50:00-04:00,178.0399932861328,178.11000061035156,177.8350067138672,177.91000366210938,980736
2025-08-06 12:55:00-04:00,177.89999389648438,178.05999755859375,177.88299560546875,177.9250030517578,620108
2025-08-06 13:00:00-04:00,177.9250946044922,178.37989807128906,177.9250030517578,178.32000732421875,1027821
2025-08-06 13:05:00-04:00,178.30999755859375,178.4499969482422,178.1699981689453,178.4149932861328,722532
2025-08-06 13:10:00-04:00,178.4149932861328,178.4199981689453,178.17999267578125,178.2301025390625,662061
2025-08-06 13:15:00-04:00,178.23500061035156,178.2899932861328,178.02000427246094,178.27499389648438,613189
2025-08-06 13:20:00-04:00,178.2799072265625,178.39999389648438,178.24000549316406,178.27499389648438,595631
2025-08-06 13:25:00-04:00,178.27000427246094,178.42999267578125,178.1999969482422,178.42999267578125,533030
2025-08-06 13:30:00-04:00,178.4199981689453,178.47560119628906,178.2689971923828,178.39500427246094,675714
2025-08-06 13:35:00-04:00,178.39500427246094,178.60000610351562,178.39500427246094,178.5449981689453,1058674
2025-08-06 13:40:00-04:00,178.54539489746094,178.64999389648438,178.4600067138672,178.5800018310547,562851
2025-08-06 13:45:00-04:00,178.57989501953125,178.6649932861328,178.42010498046875,178.4550018310547,617286
2025-08-06 13:50:00-04:00,178.4499969482422,178.56500244140625,178.32000732421875,178.49549865722656,577540
2025-08-06 13:55:00-04:00,178.48500061035156,178.5800018310547,178.40499877929688,178.5500030517578,445413
2025-08-06 14:00:00-04:00,178.5500030517578,179.01499938964844,178.5319061279297,178.90550231933594,1382869
2025-08-06 14:05:00-04:00,178.91700744628906,179.22999572753906,178.89999389648438,179.1300048828125,1117441
2025-08-06 14:10:00-04:00,179.13499450683594,179.27999877929688,179.0399932861328,179.1649932861328,1081803
2025-08-06 14:15:00-04:00,179.16009521484375,179.19549560546875,178.89999389648438,178.9550018310547,1269284
2025-08-06 14:20:00-04:00,178.9600067138672,179.1699981689453,178.94000244140625,179.08169555664062,724672
2025-08-06 14:25:00-04:00,179.0850067138672,179.27000427246094,179.06300354003906,179.22999572753906,771008
2025-08-06 14:30:00-04:00,179.22000122070312,179.36000061035156,179.1699981689453,179.30499267578125,825536
2025-08-06 14:35:00-04:00,179.38999938964844,179.47000122070312,179.17010498046875,179.18499755859375,1084696
2025-08-06 14:40:00-04:00,179.19500732421875,179.2050018310547,178.8800048828125,179.0948944091797,1034095
2025-08-06 14:45:00-04:00,179.08999633789062,179.16000366210938,178.9600067138672,179.11000061035156,830766
2025-08-06 14:50:00-04:00,179.1199951171875,179.1300048828125,178.9600067138672,179.0,797145
2025-08-06 14:55:00-04:00,179.0,179.14999389648438,178.95809936523438,179.0800018310547,666241
2025-08-06 15:00:00-04:00,179.0800018310547,179.3000030517578,179.02999877929688,179.27499389648438,820513
2025-08-06 15:05:00-04:00,179.27499389648438,179.27810668945312,179.0800018310547,179.24989318847656,825304
2025-08-06 15:10:00-04:00,179.24000549316406,179.27999877929688,179.0601043701172,179.1649932861328,739504
2025-08-06 15:15:00-04:00,179.1699981689453,179.47000122070312,179.1300048828125,179.44500732421875,2229452
2025-08-06 15:20:00-04:00,179.4582061767578,179.85000610351562,179.44500732421875,179.82009887695312,1944099
2025-08-06 15:25:00-04:00,179.8249969482422,179.86000061035156,179.44000244140625,179.6649932861328,1536705
2025-08-06 15:30:00-04:00,179.66000366210938,179.89999389648438,179.5800018310547,179.80499267578125,1510176
2025-08-06 15:35:00-04:00,179.7949981689453,179.86000061035156,179.69500732421875,179.78500366210938,2596012
2025-08-06 15:40:00-04:00,179.7899932861328,179.83999633789062,179.47999572753906,179.67999267578125,1795912
2025-08-06 15:45:00-04:00,179.68499755859375,179.71539306640625,179.5500030517578,179.63999938964844,963061
2025-08-06 15:50:00-04:00,179.63999938964844,179.69000244140625,179.4499969482422,179.59140014648438,1685216
2025-08-06 15:55:00-04:00,179.60000610351562,179.6300048828125,179.32000732421875,179.41000366210938,3048729
2025-08-07 09:30:00-04:00,181.5500030517578,182.36000061035156,181.3000030517578,182.1300048828125,11742988
2025-08-07 09:35:00-04:00,182.12120056152344,183.08999633789062,181.92999267578125,183.0850067138672,5739307
2025-08-07 09:40:00-04:00,183.0850067138672,183.75149536132812,182.9416961669922,183.0,5916866
2025-08-07 09:45:00-04:00,183.0,183.17999267578125,182.63499450683594,182.88499450683594,3466122
2025-08-07 09:50:00-04:00,182.89999389648438,183.44000244140625,182.86000061035156,183.1199951171875,3998365
2025-08-07 09:55:00-04:00,183.1199951171875,183.57000732421875,182.97999572753906,183.38999938964844,3026036
2025-08-07 10:00:00-04:00,183.39999389648438,183.8800048828125,183.02999877929688,183.08349609375,3209288
2025-08-07 10:05:00-04:00,183.08999633789062,183.26499938964844,182.55450439453125,182.60000610351562,2576491
2025-08-07 10:10:00-04:00,182.58999633789062,182.82000732421875,182.1999969482422,182.65499877929688,2881188
2025-08-07 10:15:00-04:00,182.64999389648438,182.97000122070312,182.48179626464844,182.7899932861328,1909304
2025-08-07 10:20:00-04:00,182.8000030517578,182.99000549316406,182.41000366210938,182.4600067138672,1829236
2025-08-07 10:25:00-04:00,182.4600067138672,182.55999755859375,181.97999572753906,182.47999572753906,2518067
2025-08-07 10:30:00-04:00,182.33880615234375,182.53509521484375,182.17999267578125,182.4654998779297,1374460
2025-08-07 10:35:00-04:00,182.47000122070312,182.9199981689453,182.39999389648438,182.89999389648438,1679307
2025-08-07 10:40:00-04:00,182.88999938964844,183.0,182.63999938964844,182.9199981689453,1577740
2025-08-07 10:45:00-04:00,182.9149932861328,183.08999633789062,182.47999572753906,182.8350067138672,1793602
2025-08-07 10:50:00-04:00,182.82000732421875,182.8800048828125,182.2216033935547,182.31500244140625,1494381
2025-08-07 10:55:00-04:00,182.27999877929688,182.27999877929688,181.3800048828125,181.7100067138672,2856339
2025-08-07 11:00:00-04:00,181.70010375976562,182.0,181.4600067138672,181.70010375976562,1741416
2025-08-07 11:05:00-04:00,181.7050018310547,181.9600067138672,181.66000366210938,181.87179565429688,1284725
2025-08-07 11:10:00-04:00,181.91000366210938,182.03599548339844,181.61000061035156,181.91000366210938,1402784
2025-08-07 11:15:00-04:00,181.91009521484375,182.24000549316406,181.58999633789062,182.03550720214844,1629179
2025-08-07 11:20:00-04:00,182.03500366210938,182.2899932861328,182.02000427246094,182.08180236816406,1058214
2025-08-07 11:25:00-04:00,182.0850067138672,182.08990478515625,181.14999389648438,181.52999877929688,1962546
2025-08-07 11:30:00-04:00,181.52000427246094,181.82000732421875,181.2899932861328,181.48500061035156,1457062
2025-08-07 11:35:00-04:00,181.48500061035156,181.73989868164062,181.39500427246094,181.60499572753906,1185178
2025-08-07 11:40:00-04:00,181.61000061035156,181.76499938964844,181.47999572753906,181.69000244140625,1070308
2025-08-07 11:45:00-04:00,181.68499755859375,181.90829467773438,181.52999877929688,181.57009887695312,1113010
2025-08-07 11:50:00-04:00,181.58999633789062,182.0,181.56419372558594,181.9499969482422,991115
2025-08-07 11:55:00-04:00,181.9600067138672,182.02499389648438,181.6616973876953,181.6616973876953,904262
2025-08-07 12:00:00-04:00,181.66000366210938,181.77000427246094,181.1750030517578,181.52499389648438,1463399
2025-08-07 12:05:00-04:00,181.50999450683594,181.50999450683594,180.9199981689453,181.0081024169922,1698748
2025-08-07 12:10:00-04:00,181.0050048828125,181.35000610351562,180.47999572753906,181.20030212402344,2191259
2025-08-07 12:15:00-04:00,181.2050018310547,181.36000061035156,180.8699951171875,180.9550018310547,1163507
2025-08-07 12:20:00-04:00,180.9553985595703,181.36000061035156,180.94500732421875,181.30499267578125,1060572
2025-08-07 12:25:00-04:00,181.30499267578125,181.35000610351562,181.0500030517578,181.14999389648438,946462
2025-08-07 12:30:00-04:00,181.13510131835938,181.3350067138672,181.05999755859375,181.1699981689453,810929
2025-08-07 12:35:00-04:00,181.19500732421875,181.2449951171875,180.75999450683594,180.77999877929688,1149714
2025-08-07 12:40:00-04:00,180.77999877929688,180.7899932861328,179.94000244140625,180.01510620117188,2352710
2025-08-07 12:45:00-04:00,180.00999450683594,180.35000610351562,179.7899932861328,180.26499938964844,2085775
2025-08-07 12:50:00-04:00,180.26280212402344,180.64549255371094,180.26280212402344,180.6300048828125,1517013
2025-08-07 12:55:00-04:00,180.68499755859375,180.84979248046875,180.41000366210938,180.4499969482422,1222667
2025-08-07 13:00:00-04:00,180.44000244140625,180.8800048828125,180.41000366210938,180.6300048828125,1187756
2025-08-07 13:05:00-04:00,180.61000061035156,180.89500427246094,179.4199981689453,180.78990173339844,1015437
2025-08-07 13:10:00-04:00,180.77999877929688,180.82650756835938,180.50999450683594,180.64500427246094,851587
2025-08-07 13:15:00-04:00,180.63999938964844,180.7100067138672,180.24000549316406,180.26499938964844,991568
2025-08-07 13:20:00-04:00,180.25999450683594,180.67999267578125,180.21499633789062,180.57000732421875,979295
2025-08-07 13:25:00-04:00,180.55999755859375,180.6199951171875,179.92999267578125,179.97000122070312,1219751
2025-08-07 13:30:00-04:00,179.96499633789062,179.99000549316406,179.39999389648438,179.4676971435547,2129572
2025-08-07 13:35:00-04:00,179.4528045654297,179.8350067138672,179.30999755859375,179.7449951171875,1658050
2025-08-07 13:40:00-04:00,179.75999450683594,180.07000732421875,179.69000244140625,179.8249969482422,1182568
2025-08-07 13:45:00-04:00,179.82449340820312,180.17999267578125,179.77999877929688,180.06500244140625,1007303
2025-08-07 13:50:00-04:00,180.0500030517578,180.27000427246094,179.86000061035156,180.15499877929688,1041940
2025-08-07 13:55:00-04:00,180.16000366210938,180.2050018310547,179.8000030517578,179.9600067138672,896127
2025-08-07 14:00:00-04:00,179.9550018310547,180.02999877929688,179.62179565429688,179.78990173339844,923506
2025-08-07 14:05:00-04:00,179.78489685058594,179.8300018310547,179.38999938964844,179.4949951171875,949314
2025-08-07 14:10:00-04:00,179.50999450683594,179.52499389648438,178.8699951171875,179.0850067138672,1770540
2025-08-07 14:15:00-04:00,179.0850067138672,179.1199951171875,178.83999633789062,178.89999389648438,1165850
2025-08-07 14:20:00-04:00,178.96449279785156,179.17430114746094,178.82000732421875,179.02000427246094,1587756
2025-08-07 14:25:00-04:00,179.02000427246094,179.52000427246094,179.0,179.42010498046875,1196743
2025-08-07 14:30:00-04:00,179.4250030517578,179.5,179.1999969482422,179.45989990234375,966667
2025-08-07 14:35:00-04:00,179.4550018310547,179.8000030517578,179.38499450683594,179.63870239257812,1290936
2025-08-07 14:40:00-04:00,179.63499450683594,179.64999389648438,179.1199951171875,179.17010498046875,1076799
2025-08-07 14:45:00-04:00,179.17010498046875,179.6999969482422,179.14010620117188,179.63999938964844,928856
2025-08-07 14:50:00-04:00,179.65499877929688,180.0800018310547,179.47999572753906,180.06500244140625,1248482
2025-08-07 14:55:00-04:00,180.07000732421875,180.24000549316406,179.97999572753906,180.0800018310547,1271767
2025-08-07 15:00:00-04:00,180.08999633789062,180.22999572753906,179.7100067138672,179.92010498046875,1277948
2025-08-07 15:05:00-04:00,179.92539978027344,179.9600067138672,179.61000061035156,179.8050994873047,850046
2025-08-07 15:10:00-04:00,179.80999755859375,179.98500061035156,179.7100067138672,179.77499389648438,1410375
2025-08-07 15:15:00-04:00,179.77499389648438,179.87989807128906,179.6199951171875,179.78550720214844,861839
2025-08-07 15:20:00-04:00,179.77999877929688,179.81500244140625,179.33999633789062,179.42990112304688,1197563
2025-08-07 15:25:00-04:00,179.4199981689453,179.52000427246094,179.1750030517578,179.47000122070312,1116737
2025-08-07 15:30:00-04:00,179.47000122070312,179.84500122070312,179.4199981689453,179.6417999267578,1286246
2025-08-07 15:35:00-04:00,179.63999938964844,179.8800048828125,179.47999572753906,179.5,1153798
2025-08-07 15:40:00-04:00,179.5050048828125,179.96499633789062,179.5,179.86000061035156,1114021
2025-08-07 15:45:00-04:00,179.85000610351562,180.1551055908203,179.80499267578125,179.95989990234375,1486466
2025-08-07 15:50:00-04:00,179.97000122070312,180.2899932861328,179.8699951171875,180.13499450683594,2040288
2025-08-07 15:55:00-04:00,180.14999389648438,180.88999938964844,180.13900756835938,180.8699951171875,4020517
2025-08-08 09:30:00-04:00,181.5500030517578,181.75,180.39999389648438,180.67999267578125,7224612
2025-08-08 09:35:00-04:00,180.6678009033203,182.0,180.63999938964844,181.9499969482422,3976092
2025-08-08 09:40:00-04:00,181.94000244140625,182.1999969482422,181.66000366210938,182.08999633789062,3120769
2025-08-08 09:45:00-04:00,182.08999633789062,182.7689971923828,182.08360290527344,182.47999572753906,3269017
2025-08-08 09:50:00-04:00,182.4665069580078,182.66000366210938,182.16000366210938,182.2050018310547,2656394
2025-08-08 09:55:00-04:00,182.2100067138672,182.4199981689453,182.02999877929688,182.10000610351562,1865455
2025-08-08 10:00:00-04:00,182.11000061035156,182.16000366210938,181.53469848632812,182.0449981689453,2468140
2025-08-08 10:05:00-04:00,182.0399932861328,182.38999938964844,181.97999572753906,182.11990356445312,4654775
2025-08-08 10:10:00-04:00,182.08009338378906,182.13650512695312,181.58999633789062,181.74000549316406,1895847
2025-08-08 10:15:00-04:00,181.63499450683594,182.00999450683594,181.55999755859375,181.9550018310547,1595787
2025-08-08 10:20:00-04:00,181.95989990234375,182.3000030517578,181.80999755859375,182.23500061035156,1399649
2025-08-08 10:25:00-04:00,182.24000549316406,182.32000732421875,182.08999633789062,182.19500732421875,1220174
2025-08-08 10:30:00-04:00,182.19000244140625,182.44000244140625,182.0800018310547,182.2700958251953,1550987
2025-08-08 10:35:00-04:00,182.27000427246094,182.57000732421875,182.24000549316406,182.50999450683594,1418063
2025-08-08 10:40:00-04:00,182.52000427246094,182.60000610351562,182.04449462890625,182.30999755859375,1611099
2025-08-08 10:45:00-04:00,182.3000030517578,182.52999877929688,182.1614990234375,182.52000427246094,1150157
2025-08-08 10:50:00-04:00,182.52499389648438,182.64999389648438,182.38999938964844,182.54010009765625,1420729
2025-08-08 10:55:00-04:00,182.5449981689453,182.5850067138672,182.25,182.38499450683594,1152850
2025-08-08 11:00:00-04:00,182.3800048828125,182.8800048828125,182.3800048828125,182.85499572753906,1704142
2025-08-08 11:05:00-04:00,182.85000610351562,183.2449951171875,182.7449951171875,183.22000122070312,3080164
2025-08-08 11:10:00-04:00,183.22500610351562,183.3000030517578,182.9199981689453,183.22999572753906,2016118
2025-08-08 11:15:00-04:00,183.24000549316406,183.2698974609375,183.07000732421875,183.127197265625,1467525
2025-08-08 11:20:00-04:00,183.125,183.21499633789062,182.9600067138672,183.12460327148438,1485752
2025-08-08 11:25:00-04:00,183.13999938964844,183.22000122070312,183.0,183.01499938964844,1205494
2025-08-08 11:30:00-04:00,183.0050048828125,183.0500030517578,182.67999267578125,182.80499267578125,1499371
2025-08-08 11:35:00-04:00,182.78500366210938,182.8300018310547,182.2899932861328,182.36849975585938,1734366
2025-08-08 11:40:00-04:00,182.36000061035156,182.50990295410156,182.25,182.35499572753906,1326070
2025-08-08 11:45:00-04:00,182.36000061035156,182.80560302734375,182.34500122070312,182.75999450683594,1214603
2025-08-08 11:50:00-04:00,182.77000427246094,182.9250030517578,182.7050018310547,182.8029022216797,931131
2025-08-08 11:55:00-04:00,182.80499267578125,183.16000366210938,182.78759765625,183.1501007080078,1279209
2025-08-08 12:00:00-04:00,183.14999389648438,183.2899932861328,182.9949951171875,183.18499755859375,1269410
2025-08-08 12:05:00-04:00,183.19000244140625,183.22500610351562,182.9416961669922,183.0,914371
2025-08-08 12:10:00-04:00,183.0050048828125,183.02000427246094,182.78500366210938,183.0012969970703,1027408
2025-08-08 12:15:00-04:00,183.0050048828125,183.13499450683594,182.8699951171875,183.0200958251953,859329
2025-08-08 12:20:00-04:00,183.02499389648438,183.10000610351562,182.92999267578125,183.0749969482422,660702
2025-08-08 12:25:00-04:00,183.07000732421875,183.1699981689453,182.83999633789062,182.90809631347656,957326
2025-08-08 12:30:00-04:00,182.9149932861328,182.9199981689453,182.58999633789062,182.60000610351562,973694
2025-08-08 12:35:00-04:00,182.61000061035156,182.77999877929688,182.5500030517578,182.7050018310547,879374
2025-08-08 12:40:00-04:00,182.70449829101562,182.73789978027344,182.3300018310547,182.34500122070312,896476
2025-08-08 12:45:00-04:00,182.34500122070312,182.4600067138672,182.1510009765625,182.28550720214844,1163153
2025-08-08 12:50:00-04:00,182.2801055908203,182.52999877929688,182.25999450683594,182.29010009765625,979392
2025-08-08 12:55:00-04:00,182.2899932861328,182.39590454101562,182.19009399414062,182.25999450683594,749495
2025-08-08 13:00:00-04:00,182.2550048828125,182.27499389648438,181.91000366210938,182.19459533691406,1284604
2025-08-08 13:05:00-04:00,182.20010375976562,182.3800048828125,182.05999755859375,182.14500427246094,1215144
2025-08-08 13:10:00-04:00,182.14500427246094,182.1699981689453,181.75,181.90499877929688,1290501
2025-08-08 13:15:00-04:00,181.89500427246094,181.99099731445312,181.6999969482422,181.81500244140625,1226092
2025-08-08 13:20:00-04:00,181.80999755859375,182.0800018310547,181.7550048828125,181.9241943359375,1141459
2025-08-08 13:25:00-04:00,181.9250030517578,181.92759704589844,181.61000061035156,181.88499450683594,1040252
2025-08-08 13:30:00-04:00,181.8800048828125,182.0399932861328,181.85000610351562,181.9149932861328,866978
2025-08-08 13:35:00-04:00,181.9149932861328,182.30999755859375,181.91000366210938,182.2550048828125,1095688
2025-08-08 13:40:00-04:00,182.2550048828125,182.61000061035156,182.25010681152344,182.54449462890625,1202313
2025-08-08 13:45:00-04:00,182.5449981689453,182.55499267578125,182.33999633789062,182.49000549316406,854344
2025-08-08 13:50:00-04:00,182.48989868164062,182.53500366210938,182.3699951171875,182.42999267578125,531888
2025-08-08 13:55:00-04:00,182.4250030517578,182.5800018310547,182.41000366210938,182.52499389648438,627438
2025-08-08 14:00:00-04:00,182.52999877929688,182.83999633789062,182.52999877929688,182.77999877929688,1061241
2025-08-08 14:05:00-04:00,182.78500366210938,182.88999938964844,182.69000244140625,182.7198944091797,842123
2025-08-08 14:10:00-04:00,182.71499633789062,182.73500061035156,182.53500366210938,182.55499267578125,846745
2025-08-08 14:15:00-04:00,182.55999755859375,182.71499633789062,182.52999877929688,182.610107421875,652828
2025-08-08 14:20:00-04:00,182.61500549316406,182.6300048828125,182.50999450683594,182.5615997314453,684247
2025-08-08 14:25:00-04:00,182.5625,182.625,182.36000061035156,182.61500549316406,848313
2025-08-08 14:30:00-04:00,182.60009765625,182.80999755859375,182.58009338378906,182.80999755859375,1381033
2025-08-08 14:35:00-04:00,182.80999755859375,182.86000061035156,182.63279724121094,182.69000244140625,699674
2025-08-08 14:40:00-04:00,182.69000244140625,182.8300018310547,182.6699981689453,182.75999450683594,567320
2025-08-08 14:45:00-04:00,182.75999450683594,182.9199981689453,182.73500061035156,182.885498046875,782186
2025-08-08 14:50:00-04:00,182.9149932861328,183.05999755859375,182.8800048828125,183.02149963378906,1062036
2025-08-08 14:55:00-04:00,183.02499389648438,183.0500030517578,182.83999633789062,182.88499450683594,973164
2025-08-08 15:00:00-04:00,182.8800048828125,182.94000244140625,182.69000244140625,182.71499633789062,822832
2025-08-08 15:05:00-04:00,182.7100067138672,182.8300018310547,182.69000244140625,182.7050018310547,599949
2025-08-08 15:10:00-04:00,182.70799255371094,182.75,182.61000061035156,182.72500610351562,693106
2025-08-08 15:15:00-04:00,182.72000122070312,182.77000427246094,182.60499572753906,182.72999572753906,789030
2025-08-08 15:20:00-04:00,182.72999572753906,182.80499267578125,182.63999938964844,182.66000366210938,952673
2025-08-08 15:25:00-04:00,182.64999389648438,182.86000061035156,182.64999389648438,182.69500732421875,915539
2025-08-08 15:30:00-04:00,182.69500732421875,182.69500732421875,182.4600067138672,182.5720977783203,1092350
2025-08-08 15:35:00-04:00,182.57000732421875,182.66000366210938,182.47999572753906,182.48350524902344,1194666
2025-08-08 15:40:00-04:00,182.48550415039062,182.58999633789062,182.25999450683594,182.30499267578125,1297444
2025-08-08 15:45:00-04:00,182.30499267578125,182.42999267578125,182.1649932861328,182.375,1590930
2025-08-08 15:50:00-04:00,182.3800048828125,182.79989624023438,182.35000610351562,182.7449951171875,2542271
2025-08-08 15:55:00-04:00,182.74000549316406,183.05999755859375,182.55999755859375,182.75,3367529
2025-08-11 09:30:00-04:00,182.16000366210938,182.80999755859375,180.27000427246094,180.32000732421875,13609881
2025-08-11 09:35:00-04:00,180.3300018310547,181.32000732421875,180.25,181.0800018310547,3996939
2025-08-11 09:40:00-04:00,181.07009887695312,182.5800018310547,180.89999389648438,182.4600067138672,4443647
2025-08-11 09:45:00-04:00,182.46499633789062,183.00999450683594,182.2200927734375,182.92160034179688,3614108
2025-08-11 09:50:00-04:00,182.9199981689453,183.00999450683594,182.3000030517578,182.3300018310547,2514302
2025-08-11 09:55:00-04:00,182.3300018310547,182.66819763183594,182.1750030517578,182.55999755859375,2052870
2025-08-11 10:00:00-04:00,182.57000732421875,182.61000061035156,181.7200927734375,181.7550048828125,2325980
2025-08-11 10:05:00-04:00,181.76499938964844,182.14999389648438,181.48199462890625,182.0800018310547,2427110
2025-08-11 10:10:00-04:00,182.07000732421875,182.4600067138672,182.01010131835938,182.33999633789062,1804259
2025-08-11 10:15:00-04:00,182.32179260253906,182.91000366210938,182.25,182.875,2182818
2025-08-11 10:20:00-04:00,182.8699951171875,183.15989685058594,182.5500030517578,183.09010314941406,2486562
2025-08-11 10:25:00-04:00,183.0955047607422,183.66000366210938,183.0500030517578,183.3455047607422,3437623
2025-08-11 10:30:00-04:00,183.34500122070312,183.5782928466797,182.9199981689453,182.94500732421875,1974244
2025-08-11 10:35:00-04:00,182.9499969482422,183.39999389648438,182.9488067626953,183.2801055908203,1443940
2025-08-11 10:40:00-04:00,183.28070068359375,183.5655059814453,183.15499877929688,183.53790283203125,1452187
2025-08-11 10:45:00-04:00,183.53500366210938,183.67999267578125,182.97000122070312,183.0800018310547,1953737
2025-08-11 10:50:00-04:00,183.0850067138672,183.3199005126953,182.91000366210938,183.10000610351562,1356594
2025-08-11 10:55:00-04:00,183.09010314941406,183.10000610351562,182.77000427246094,182.89500427246094,1106609
2025-08-11 11:00:00-04:00,182.88999938964844,183.0449981689453,182.78179931640625,182.91000366210938,1089272
2025-08-11 11:05:00-04:00,182.91000366210938,182.9134979248047,182.3699951171875,182.66009521484375,1706718
2025-08-11 11:10:00-04:00,182.6649932861328,183.22000122070312,182.62010192871094,183.20849609375,1547345
2025-08-11 11:15:00-04:00,183.20689392089844,183.3300018310547,183.02499389648438,183.15460205078125,1127433
2025-08-11 11:20:00-04:00,183.15179443359375,183.25,183.07000732421875,183.11000061035156,835971
2025-08-11 11:25:00-04:00,183.11500549316406,183.21499633789062,182.9600067138672,183.1800994873047,886225
2025-08-11 11:30:00-04:00,183.16439819335938,183.41000366210938,183.05499267578125,183.38499450683594,1181687
2025-08-11 11:35:00-04:00,183.38999938964844,183.55999755859375,183.25,183.2550048828125,1370636
2025-08-11 11:40:00-04:00,183.25999450683594,183.49000549316406,182.8800048828125,183.1750030517578,2094408
2025-08-11 11:45:00-04:00,183.19500732421875,183.8300018310547,182.91000366210938,183.25,3572842
2025-08-11 11:50:00-04:00,183.2550048828125,183.32000732421875,183.08999633789062,183.29859924316406,952143
2025-08-11 11:55:00-04:00,183.2949981689453,183.55999755859375,183.27000427246094,183.47500610351562,1187883
2025-08-11 12:00:00-04:00,183.47500610351562,183.5500030517578,183.19000244140625,183.23500061035156,951432
2025-08-11 12:05:00-04:00,183.22999572753906,183.64500427246094,183.16000366210938,183.64500427246094,988565
2025-08-11 12:10:00-04:00,183.63999938964844,183.8000030517578,183.5500030517578,183.75,1495729
2025-08-11 12:15:00-04:00,183.75,183.83999633789062,183.52499389648438,183.57000732421875,1216456
2025-08-11 12:20:00-04:00,183.55999755859375,183.77000427246094,183.53500366210938,183.7449951171875,750698
2025-08-11 12:25:00-04:00,183.7449951171875,183.77000427246094,183.5800018310547,183.73500061035156,723662
2025-08-11 12:30:00-04:00,183.73500061035156,183.80499267578125,183.50999450683594,183.5446014404297,858949
2025-08-11 12:35:00-04:00,183.54010009765625,183.76499938964844,183.5,183.66000366210938,807220
2025-08-11 12:40:00-04:00,183.66000366210938,183.72999572753906,183.2801055908203,183.3199005126953,1083863
2025-08-11 12:45:00-04:00,183.3249969482422,183.39999389648438,183.1199951171875,183.1199951171875,970192
2025-08-11 12:50:00-04:00,183.1300048828125,183.42999267578125,183.0644989013672,183.1558074951172,1093566
2025-08-11 12:55:00-04:00,183.16000366210938,183.1898956298828,182.86000061035156,182.87989807128906,1070015
2025-08-11 13:00:00-04:00,182.875,183.28990173339844,182.85499572753906,183.22500610351562,973640
2025-08-11 13:05:00-04:00,183.22999572753906,183.40499877929688,183.18150329589844,183.32000732421875,701912
2025-08-11 13:10:00-04:00,183.3300018310547,183.3699951171875,183.2100067138672,183.2449951171875,581994
2025-08-11 13:15:00-04:00,183.25,183.2899932861328,183.0800018310547,183.14500427246094,733228
2025-08-11 13:20:00-04:00,183.1416015625,183.22999572753906,183.0601043701172,183.1300048828125,542074
2025-08-11 13:25:00-04:00,183.1199951171875,183.27000427246094,183.0,183.23550415039062,585288
2025-08-11 13:30:00-04:00,183.23500061035156,183.46499633789062,183.23500061035156,183.35499572753906,818291
2025-08-11 13:35:00-04:00,183.35499572753906,183.42529296875,183.1649932861328,183.19009399414062,611057
2025-08-11 13:40:00-04:00,183.1999969482422,183.24989318847656,182.97999572753906,183.1999969482422,766894
2025-08-11 13:45:00-04:00,183.1999969482422,183.27999877929688,183.05389404296875,183.19549560546875,658305
2025-08-11 13:50:00-04:00,183.20010375976562,183.24000549316406,183.05999755859375,183.1300048828125,522331
2025-08-11 13:55:00-04:00,183.13009643554688,183.2449951171875,182.9600067138672,183.0449981689453,725510
2025-08-11 14:00:00-04:00,183.0500030517578,183.0850067138672,182.6199951171875,182.6800994873047,939958
2025-08-11 14:05:00-04:00,182.69000244140625,182.92999267578125,182.59010314941406,182.89999389648438,986038
2025-08-11 14:10:00-04:00,182.89999389648438,183.02999877929688,182.77999877929688,182.9669952392578,758515
2025-08-11 14:15:00-04:00,182.97999572753906,183.10549926757812,182.88499450683594,182.91510009765625,596000
2025-08-11 14:20:00-04:00,182.91000366210938,182.9149932861328,182.78500366210938,182.80999755859375,526946
2025-08-11 14:25:00-04:00,182.8000030517578,183.17999267578125,182.77000427246094,182.89999389648438,1013682
2025-08-11 14:30:00-04:00,182.91000366210938,183.08999633789062,182.89610290527344,182.9550018310547,613793
2025-08-11 14:35:00-04:00,182.96499633789062,182.98989868164062,182.8699951171875,182.9250030517578,545587
2025-08-11 14:40:00-04:00,182.92999267578125,182.94000244140625,182.5399932861328,182.5449981689453,711742
2025-08-11 14:45:00-04:00,182.5500030517578,182.99000549316406,182.4499969482422,182.9250030517578,1129757
2025-08-11 14:50:00-04:00,182.92999267578125,183.0800018310547,182.7801055908203,182.860107421875,850751
2025-08-11 14:55:00-04:00,182.8699951171875,183.0500030517578,182.84500122070312,183.00509643554688,638237
2025-08-11 15:00:00-04:00,183.00999450683594,183.0500030517578,182.875,182.94760131835938,606329
2025-08-11 15:05:00-04:00,182.94000244140625,182.97000122070312,182.80999755859375,182.8699951171875,545222
2025-08-11 15:10:00-04:00,182.85499572753906,182.99549865722656,182.6300048828125,182.69500732421875,826183
2025-08-11 15:15:00-04:00,182.69000244140625,182.72000122070312,182.4149932861328,182.5050048828125,1007336
2025-08-11 15:20:00-04:00,182.65969848632812,182.66830444335938,182.4600067138672,182.52999877929688,870095
2025-08-11 15:25:00-04:00,182.52999877929688,182.5399932861328,182.10000610351562,182.16000366210938,1419775
2025-08-11 15:30:00-04:00,182.16000366210938,182.35989379882812,181.99000549316406,182.30349731445312,1835789
2025-08-11 15:35:00-04:00,182.3000030517578,182.47000122070312,182.14999389648438,182.38999938964844,1025033
2025-08-11 15:40:00-04:00,182.38499450683594,182.5800018310547,182.3616943359375,182.46009826660156,1844957
2025-08-11 15:45:00-04:00,182.46499633789062,182.49000549316406,182.17999267578125,182.30499267578125,1277234
2025-08-11 15:50:00-04:00,182.30999755859375,182.4250030517578,181.75999450683594,181.79859924316406,2869646
2025-08-11 15:55:00-04:00,181.7949981689453,182.17999267578125,181.5,182.0850067138672,7581262
2025-08-12 09:30:00-04:00,182.9600067138672,182.99000549316406,180.89999389648438,181.625,16324196
2025-08-12 09:35:00-04:00,181.62510681152344,182.22999572753906,181.17999267578125,182.02499389648438,4641815
2025-08-12 09:40:00-04:00,182.0211944580078,182.5500030517578,181.5399932861328,181.75999450683594,3533768
2025-08-12 09:45:00-04:00,181.75,182.1219024658203,180.86000061035156,181.02999877929688,3961486
2025-08-12 09:50:00-04:00,181.0399932861328,181.5402069091797,180.50999450683594,181.45599365234375,3616393
2025-08-12 09:55:00-04:00,181.4550018310547,181.59500122070312,179.86000061035156,180.05499267578125,4461041
2025-08-12 10:00:00-04:00,180.07000732421875,180.07000732421875,179.4600067138672,179.61810302734375,3677650
2025-08-12 10:05:00-04:00,179.99009704589844,181.0583038330078,179.9600067138672,180.72999572753906,4339379
2025-08-12 10:10:00-04:00,180.72999572753906,180.85000610351562,180.25999450683594,180.7949981689453,2506984
2025-08-12 10:15:00-04:00,180.8000030517578,181.13499450683594,180.4199981689453,180.4550018310547,2734160
2025-08-12 10:20:00-04:00,180.4600067138672,180.78720092773438,180.32000732421875,180.35000610351562,2064704
2025-08-12 10:25:00-04:00,180.36000061035156,180.97000122070312,180.30999755859375,180.92999267578125,1718353
2025-08-12 10:30:00-04:00,180.9232940673828,181.35000610351562,180.90350341796875,181.0955047607422,1639282
2025-08-12 10:35:00-04:00,181.10499572753906,181.3699951171875,181.04200744628906,181.22999572753906,1405046
2025-08-12 10:40:00-04:00,181.22000122070312,181.40829467773438,180.88450622558594,181.0850067138672,1766184
2025-08-12 10:45:00-04:00,181.09500122070312,181.22500610351562,180.75450134277344,181.22500610351562,1371341
2025-08-12 10:50:00-04:00,181.2050018310547,181.61000061035156,181.10000610351562,181.27499389648438,1810506
2025-08-12 10:55:00-04:00,181.27499389648438,181.58999633789062,181.0825958251953,181.54449462890625,1407087
2025-08-12 11:00:00-04:00,181.52999877929688,181.83999633789062,181.41000366210938,181.70489501953125,1489632
2025-08-12 11:05:00-04:00,181.6999969482422,181.9499969482422,181.6999053955078,181.9250030517578,1415394
2025-08-12 11:10:00-04:00,181.9250030517578,182.02999877929688,181.7100067138672,181.71139526367188,1613988
2025-08-12 11:15:00-04:00,181.71499633789062,182.3415985107422,181.6999969482422,182.24349975585938,1708342
2025-08-12 11:20:00-04:00,182.2447967529297,182.55999755859375,182.17999267578125,182.44000244140625,1611437
2025-08-12 11:25:00-04:00,182.44000244140625,182.44500732421875,181.9199981689453,182.0146942138672,1778490
2025-08-12 11:30:00-04:00,182.01010131835938,182.41000366210938,181.94000244140625,182.34060668945312,1563878
2025-08-12 11:35:00-04:00,182.34500122070312,182.75,182.27000427246094,182.7303009033203,1508577
2025-08-12 11:40:00-04:00,182.72999572753906,182.72999572753906,182.50100708007812,182.5449981689453,1006806
2025-08-12 11:45:00-04:00,182.5500030517578,182.61000061035156,182.3000030517578,182.33999633789062,989306
2025-08-12 11:50:00-04:00,182.34210205078125,182.47000122070312,182.14999389648438,182.28500366210938,931467
2025-08-12 11:55:00-04:00,182.28500366210938,182.5500030517578,182.24000549316406,182.40499877929688,886256
2025-08-12 12:00:00-04:00,182.41859436035156,182.41859436035156,182.05999755859375,182.10499572753906,856321
2025-08-12 12:05:00-04:00,182.10000610351562,182.2100067138672,181.82009887695312,181.8249969482422,1110297
2025-08-12 12:10:00-04:00,181.8300018310547,181.91000366210938,181.7602996826172,181.79769897460938,795670
2025-08-12 12:15:00-04:00,181.79010009765625,182.0749969482422,181.77999877929688,182.05999755859375,870654
2025-08-12 12:20:00-04:00,182.07000732421875,182.09539794921875,181.9499969482422,182.0625,707855
2025-08-12 12:25:00-04:00,182.05499267578125,182.2949981689453,182.03570556640625,182.27499389648438,1085221
2025-08-12 12:30:00-04:00,182.27000427246094,182.27499389648438,181.9600067138672,182.05859375,731863
2025-08-12 12:35:00-04:00,182.05499267578125,182.19549560546875,181.99000549316406,182.0299072265625,712353
2025-08-12 12:40:00-04:00,182.02000427246094,182.0399932861328,181.75,181.8000030517578,921602
2025-08-12 12:45:00-04:00,181.7949981689453,182.0554962158203,181.76499938964844,182.0050048828125,698613
2025-08-12 12:50:00-04:00,182.0054931640625,182.24000549316406,181.97000122070312,182.21499633789062,756737
2025-08-12 12:55:00-04:00,182.2100067138672,182.49000549316406,182.2100067138672,182.42840576171875,981378
2025-08-12 13:00:00-04:00,182.4250030517578,182.6999969482422,182.35000610351562,182.53500366210938,2299196
2025-08-12 13:05:00-04:00,182.53460693359375,182.6199951171875,182.40499877929688,182.40499877929688,750410
2025-08-12 13:10:00-04:00,182.40020751953125,182.47999572753906,182.3699951171875,182.4799041748047,639125
2025-08-12 13:15:00-04:00,182.47000122070312,182.5800018310547,182.4409942626953,182.51809692382812,572596
2025-08-12 13:20:00-04:00,182.51499938964844,182.5500030517578,182.4199981689453,182.4250030517578,551622
2025-08-12 13:25:00-04:00,182.42779541015625,182.48410034179688,182.19000244140625,182.24000549316406,766135
2025-08-12 13:30:00-04:00,182.24000549316406,182.6300048828125,182.1750030517578,182.61500549316406,904681
2025-08-12 13:35:00-04:00,182.61500549316406,182.6199951171875,182.49000549316406,182.56500244140625,576194
2025-08-12 13:40:00-04:00,182.55499267578125,182.61990356445312,182.42999267578125,182.45010375976562,696688
2025-08-12 13:45:00-04:00,182.4600067138672,182.58999633789062,182.4499969482422,182.5200958251953,468194
2025-08-12 13:50:00-04:00,182.52499389648438,182.72999572753906,182.52000427246094,182.69000244140625,1035516
2025-08-12 13:55:00-04:00,182.6923065185547,182.85499572753906,182.65499877929688,182.8249053955078,871796
2025-08-12 14:00:00-04:00,182.8350067138672,182.9199981689453,182.77000427246094,182.8101043701172,1042864
2025-08-12 14:05:00-04:00,182.80999755859375,182.91990661621094,182.7899932861328,182.90499877929688,687794
2025-08-12 14:10:00-04:00,182.89999389648438,183.0800018310547,182.8300018310547,182.9954071044922,1605389
2025-08-12 14:15:00-04:00,182.99000549316406,183.05999755859375,182.86000061035156,182.94500732421875,977683
2025-08-12 14:20:00-04:00,182.9550018310547,183.0399932861328,182.75999450683594,182.86549377441406,858781
2025-08-12 14:25:00-04:00,182.8699951171875,183.08999633789062,182.84500122070312,183.06500244140625,776462
2025-08-12 14:30:00-04:00,183.0800018310547,183.2899932861328,183.05999755859375,183.24000549316406,1206749
2025-08-12 14:35:00-04:00,183.2406005859375,183.3300018310547,182.97000122070312,183.01499938964844,1321997
2025-08-12 14:40:00-04:00,183.01499938964844,183.2100067138672,183.0,183.1750030517578,855085
2025-08-12 14:45:00-04:00,183.1750030517578,183.2100067138672,183.00999450683594,183.0500030517578,698484
2025-08-12 14:50:00-04:00,183.0399932861328,183.0500030517578,182.8800048828125,182.9228057861328,727183
2025-08-12 14:55:00-04:00,182.9199981689453,183.0449981689453,182.8800048828125,182.94500732421875,784166
2025-08-12 15:00:00-04:00,182.94500732421875,183.0489959716797,182.90499877929688,182.97500610351562,567404
2025-08-12 15:05:00-04:00,182.9709930419922,183.22999572753906,182.93499755859375,183.18499755859375,849099
2025-08-12 15:10:00-04:00,183.18499755859375,183.1898956298828,182.9199981689453,183.01499938964844,677377
2025-08-12 15:15:00-04:00,183.01499938964844,183.0399932861328,182.86000061035156,182.89010620117188,692024
2025-08-12 15:20:00-04:00,182.88999938964844,182.91000366210938,182.75,182.83999633789062,1832866
2025-08-12 15:25:00-04:00,182.83999633789062,182.83999633789062,182.75,182.76499938964844,193363
